time,total,car,truck,multi_trailer,PM1_PA1_far,PM2.5_PA1_far,PM10_PA1_far,PM1_PA2_near,PM2.5_PA2_near,PM10_PA2_near,PM1_PA3_near,PM2.5_PA3_near,PM10_PA3_near,truckpercent,temp_f,humidity,pressure,speed,gap
3/6/2020 17:45,343,220,106,17,0.30625,0.61,0.74125,0.50375,0.805,0.9275,1.86,2.32,2.37875,35.86005831,65.75,22.625,1004.90625,32.58600583,5.209912536
3/6/2020 18:00,367,233,125,9,0.284285714,0.648571429,0.798571429,0.507142857,0.805714286,0.921428571,1.771428571,2.222857143,2.381428571,36.51226158,65.42857143,22.14285714,1004.931429,32.97820163,4.85013624
3/6/2020 18:15,323,192,116,15,0.2575,0.53125,0.64375,0.51625,0.8625,0.98,1.66125,2.04375,2.0775,40.55727554,65.125,22.625,1004.6875,32.6996904,5.427244582
3/6/2020 18:30,295,189,100,6,0.527142857,0.892857143,1.097142857,0.8,1.042857143,1.198571429,2.094285714,2.555714286,2.644285714,35.93220339,65.42857143,23.57142857,1004.758571,32.28813559,6.094915254
3/6/2020 18:45,274,168,101,5,0.54125,0.86625,0.98875,0.6175,0.86125,0.91875,1.83875,2.35375,2.45125,38.68613139,65.5,24,1004.71,33.49635036,6.394160584
3/6/2020 19:00,248,157,85,6,0.692857143,0.99,1.117142857,0.848571429,1.13,1.208571429,1.605714286,1.955714286,2.147142857,36.69354839,64.28571429,24.85714286,1004.758571,31.85483871,7.197580645
3/6/2020 19:15,277,186,87,4,0.4225,0.70125,0.84,0.54875,0.88375,1.02625,1.38125,1.64125,1.81625,32.85198556,62.25,24.875,1004.93875,32.25270758,6.472924188
3/6/2020 19:30,265,175,82,8,0.5,0.788571429,0.91,0.574285714,0.927142857,1.101428571,1.585714286,2.037142857,2.137142857,33.96226415,61.85714286,25.42857143,1005.162857,32.41509434,6.758490566
3/6/2020 19:45,217,148,66,3,0.54,0.77,0.88375,0.69,0.86375,0.93875,1.52,1.82375,1.85,31.79723502,60.875,25.5,1005.4475,32.43317972,8.368663594
3/6/2020 20:00,214,156,57,1,0.681428571,0.825714286,0.871428571,0.622857143,0.85,0.96,1.634285714,2.037142857,2.128571429,27.10280374,61.28571429,25.14285714,1005.55,33.03271028,8.397196262
3/6/2020 20:15,175,121,50,4,0.59625,0.87,1.01375,0.68,0.88375,1.03875,1.5775,1.9625,2.04,30.85714286,61,25.5,1005.705,31.97142857,10.24571429
3/6/2020 20:30,154,112,41,1,0.518571429,0.782857143,0.845714286,0.611428571,0.887142857,0.99,1.42375,1.84875,1.9675,27.27272727,61,25.28571429,1005.792857,33.44155844,11.61688312
3/6/2020 20:45,144,113,30,1,0.61625,0.77125,0.8625,0.59625,0.99875,1.04125,1.531428571,1.871428571,1.924285714,21.52777778,60.25,25.375,1005.99125,34.26388889,12.5625
3/6/2020 21:00,158,111,47,0,0.668571429,0.855714286,0.957142857,0.677142857,0.838571429,0.898571429,1.49875,1.74,1.8025,29.74683544,59.71428571,25.14285714,1006.158571,33.44303797,11.34177215
3/6/2020 21:15,170,121,47,2,0.68625,0.81125,0.9175,0.555,0.8075,0.81875,1.651428571,1.981428571,2.011428571,28.82352941,58.875,25.375,1006.48,33.24705882,10.59411765
3/6/2020 21:30,133,92,40,1,0.525714286,0.701428571,0.76,0.725714286,0.942857143,1.045714286,1.26375,1.65875,1.7475,30.82706767,59.71428571,25.14285714,1006.678571,32.34586466,12.91729323
3/6/2020 21:45,120,97,23,0,0.5825,0.7425,0.895,0.77875,0.9475,1.1425,1.53,1.761428571,1.788571429,19.16666667,59.125,25.75,1006.83,33.79166667,15.30833333
3/6/2020 22:00,129,91,35,3,0.631428571,0.875714286,0.955714286,0.62125,0.83625,0.8875,1.7325,2.03,2.115,29.45736434,58.28571429,26,1007.18,33.52713178,13.96899225
3/6/2020 22:15,138,98,40,0,0.6275,0.7875,0.895,0.797142857,0.957142857,1.034285714,1.621428571,1.927142857,1.992857143,28.98550725,57.125,26.25,1007.46,32.70289855,13.00724638
3/6/2020 22:30,108,92,15,1,0.75125,0.95375,1.13,0.65375,0.9125,1.0075,1.7625,2,2.155,14.81481481,56,27.75,1007.9,35.13888889,16.7037037
3/6/2020 22:45,115,86,29,0,0.71,0.891428571,0.981428571,0.667142857,0.86,0.977142857,1.394285714,1.665714286,1.801428571,25.2173913,55,29.57142857,1008.37,33.24347826,15.70434783
3/6/2020 23:00,104,77,26,1,0.73875,0.93375,1.015,0.76625,0.9825,1.115,1.22375,1.48625,1.51125,25.96153846,54.375,31,1008.8925,33.93269231,17.05769231
3/6/2020 23:15,95,74,18,3,0.747142857,1.041428571,1.06,0.681428571,0.811428571,0.852857143,1.208571429,1.547142857,1.647142857,22.10526316,53.14285714,30.28571429,1009.301429,33.72631579,19.07368421
3/6/2020 23:30,94,74,19,1,0.86625,1.1,1.22625,0.8275,1.1025,1.26375,1.44125,1.88375,1.91,21.27659574,52.125,30.125,1010.17375,32.59574468,19.12765957
3/6/2020 23:45,76,65,10,1,1.018571429,1.28,1.4,0.961428571,1.301428571,1.387142857,1.815714286,2.195714286,2.23,14.47368421,50.85714286,31,1010.282857,33.80263158,23.81578947
3/7/2020 0:00,79,62,17,0,0.895,1.1925,1.2825,0.9625,1.2025,1.2925,1.54,1.8725,1.9225,21.51898734,50.875,30.375,1011.06125,32,22.46835443
3/7/2020 0:15,62,46,16,0,0.937142857,1.1,1.2,0.98,1.175714286,1.305714286,1.824285714,2.154285714,2.218571429,25.80645161,50.85714286,30.71428571,1011.524286,30.32258065,27.80645161
3/7/2020 0:30,51,39,12,0,1.01,1.2825,1.4425,1.0425,1.4,1.48875,1.86,2.2075,2.26875,23.52941176,50.625,31.5,1011.84375,34.76470588,36.92156863
3/7/2020 0:45,52,43,9,0,1,1.275714286,1.37,1.062857143,1.368571429,1.485714286,1.921428571,2.278571429,2.331428571,17.30769231,51.28571429,32.14285714,1011.885714,33.32692308,34.11538462
3/7/2020 1:00,47,40,6,1,1.17375,1.60375,1.7275,1.15125,1.63875,1.71625,2.01625,2.39875,2.4325,14.89361702,50.125,32.125,1012.45125,32.36170213,35.68085106
3/7/2020 1:15,50,42,8,0,1.148571429,1.492857143,1.57,1.241428571,1.685714286,1.82,1.848571429,2.107142857,2.131428571,16,49.85714286,33,1012.781429,34.18,37.58
3/7/2020 1:30,42,34,8,0,1.09125,1.61625,1.7275,1.125,1.725,1.79625,1.87,2.2675,2.34875,19.04761905,49.625,32.875,1013.06625,34.52380952,45.23809524
3/7/2020 1:45,42,38,4,0,1.234285714,1.682857143,1.745714286,1.17,1.711428571,1.814285714,1.66,2,2.097142857,9.523809524,49.14285714,33,1013.295714,35.5,41.92857143
3/7/2020 2:00,33,26,7,0,1.15375,1.54875,1.795,1.22875,1.67125,1.90625,1.825,2.17125,2.28625,21.21212121,48.875,33.875,1013.5175,31.96969697,51.84848485
3/7/2020 2:15,34,26,8,0,1.131428571,1.508571429,1.778571429,1.177142857,1.684285714,1.74,1.82,2.18,2.22375,23.52941176,49,34.14285714,1013.844286,32.29411765,55.29411765
3/7/2020 2:30,21,13,8,0,1.15,1.50625,1.67875,1.25375,1.75875,1.79125,1.941428571,2.294285714,2.32,38.0952381,48.875,34.75,1014.00875,34,70.9047619
3/7/2020 2:45,19,13,6,0,1.15,1.421428571,1.622857143,1.157142857,1.607142857,1.692857143,1.55875,1.8525,2.055,31.57894737,48.57142857,35,1014.341429,33.78947368,88.84210526
3/7/2020 3:00,20,15,3,2,1.0175,1.3425,1.45625,1.23625,1.68125,1.77,1.754285714,2.078571429,2.144285714,25,48.25,35.75,1014.4425,30.8,97.95
3/7/2020 3:15,23,22,1,0,1.104285714,1.505714286,1.742857143,1.2275,1.68375,1.745,1.565,1.9875,2.035,4.347826087,47.71428571,35.71428571,1014.357143,35.86956522,75.30434783
3/7/2020 3:30,20,15,5,0,0.99875,1.41375,1.46875,1.241428571,1.835714286,1.89,1.85,2.255714286,2.268571429,25,48,36,1014.68375,32.05,78.3
3/7/2020 3:45,26,22,4,0,1.05,1.378571429,1.495714286,1.18875,1.61,1.69,1.7925,2.07,2.085,15.38461538,48.14285714,36,1014.701429,39.38461538,76.57692308
3/7/2020 4:00,18,14,4,0,1.09,1.56875,1.655,1.328571429,1.775714286,1.841428571,1.712857143,2.044285714,2.175714286,22.22222222,47.875,36,1014.75375,37.5,93.05555556
3/7/2020 4:15,23,19,3,1,1.1175,1.3775,1.505,1.21,1.505,1.56625,1.72375,2.00375,2.0925,17.39130435,47.375,36.5,1014.83875,32.95652174,70.30434783
3/7/2020 4:30,17,14,3,0,1.085714286,1.437142857,1.498571429,1.187142857,1.594285714,1.811428571,1.797142857,2.157142857,2.205714286,17.64705882,47.28571429,37.14285714,1014.882857,37.52941176,97.52941176
3/7/2020 4:45,22,20,1,1,1.07375,1.525,1.6325,1.1575,1.5925,1.67125,1.71625,1.94375,2.005,9.090909091,46.75,37.5,1014.88,36.27272727,78.59090909
3/7/2020 5:00,21,20,1,0,1.284285714,1.652857143,1.742857143,1.304285714,1.717142857,1.812857143,1.952857143,2.284285714,2.411428571,4.761904762,45.85714286,38.85714286,1014.925714,35.0952381,73.47619048
3/7/2020 5:15,19,15,4,0,1.51125,1.86875,1.9825,1.305,1.70375,1.81375,1.97375,2.33125,2.4225,21.05263158,45.25,39.375,1015.0725,37.26315789,100.2105263
3/7/2020 5:30,32,25,6,1,1.44,1.784285714,1.921428571,1.675714286,2.05,2.144285714,2.017142857,2.414285714,2.557142857,21.875,45.71428571,40,1015.181429,32.875,60
3/7/2020 5:45,23,17,6,0,1.345,1.8325,1.915,1.4875,1.865,1.915,1.91875,2.165,2.20625,26.08695652,45.75,40,1015.235,36.26086957,78.34782609
3/7/2020 6:00,38,28,9,1,1.362857143,1.702857143,1.84,1.39,1.727142857,1.814285714,1.83,2.038571429,2.111428571,26.31578947,45.71428571,40,1015.207143,31.89473684,45.31578947
3/7/2020 6:15,51,46,5,0,1.3575,1.74125,1.845,1.47625,1.84625,1.99375,1.93625,2.34625,2.485,9.803921569,45.375,40,1014.95,34.47058824,35.05882353
3/7/2020 6:30,45,35,10,0,1.455714286,1.921428571,2.035714286,1.752857143,2.125714286,2.17,2.105714286,2.528571429,2.808571429,22.22222222,46,39.57142857,1015.378571,32.73333333,35.55555556
3/7/2020 6:45,108,85,22,1,1.78875,2.115,2.26375,1.88875,2.2275,2.36,2.2025,2.63,2.71625,21.2962963,45.875,39.125,1015.39125,37.15740741,17.0462963
3/7/2020 7:00,86,74,12,0,1.718571429,2.114285714,2.255714286,1.797142857,2.224285714,2.381428571,2.248571429,2.651428571,2.754285714,13.95348837,45.57142857,40,1015.484286,37.87209302,21.01162791
3/7/2020 7:15,111,83,27,1,1.975,2.39625,2.51375,1.9975,2.4825,2.60375,2.33,2.86125,2.91625,25.22522523,45,40,1015.325,35.10810811,15.54954955
3/7/2020 7:30,119,83,33,3,1.972857143,2.394285714,2.582857143,2.012857143,2.514285714,2.647142857,2.527142857,3.01,3.14,30.25210084,45,40,1015.441429,35.06722689,15.16806723
3/7/2020 7:45,146,103,43,0,1.9075,2.3525,2.4925,2.08875,2.665,2.7975,2.45625,2.9975,3.10625,29.45205479,45,40,1015.36,33.66438356,12.71917808
3/7/2020 8:00,129,91,37,1,2.057142857,2.44,2.604285714,2.02,2.517142857,2.694285714,2.64125,3.14875,3.255,29.45736434,45.14285714,39.85714286,1015.3,34.02325581,13.54263566
3/7/2020 8:15,131,96,32,3,1.91875,2.3725,2.56375,2.0175,2.625,2.74125,2.472857143,3.05,3.134285714,26.71755725,45,40,1015.23,34.70992366,14.09160305
3/7/2020 8:30,152,108,41,3,1.982857143,2.565714286,2.654285714,2.018571429,2.521428571,2.555714286,2.42125,2.935,3.0125,28.94736842,45.28571429,39.71428571,1015.397143,34.34210526,11.82894737
3/7/2020 8:45,217,142,74,1,1.9175,2.42625,2.505,1.88,2.32,2.41125,2.447142857,2.911428571,3.008571429,34.56221198,45.375,39.75,1015.445,30.70506912,8.32718894
3/7/2020 9:00,178,117,58,3,1.978571429,2.432857143,2.541428571,1.935,2.54375,2.645,2.50625,2.98625,3.015,34.26966292,45,40,1015.547143,33.3988764,9.47752809
3/7/2020 9:15,201,141,55,5,2.11375,2.55625,2.69875,2.045714286,2.641428571,2.95,2.478571429,2.981428571,3.09,29.85074627,44.125,40.875,1015.5775,32.41293532,8.870646766
3/7/2020 9:30,214,151,59,4,2.118571429,2.641428571,2.768571429,2.2175,2.87875,2.97625,2.39875,2.95,3.11875,29.43925234,44,41,1015.997143,32.5046729,8.275700935
3/7/2020 9:45,253,169,80,4,2.135,2.5775,2.76875,2.208571429,2.81,2.891428571,2.794285714,3.345714286,3.461428571,33.20158103,44,41.875,1016.0775,32.76284585,7.264822134
3/7/2020 10:00,245,160,80,5,2.39625,2.945,3.16875,2.39625,3.01,3.12625,2.7775,3.35875,3.47375,34.69387755,43.125,42.5,1016.1675,32.96326531,7.27755102
3/7/2020 10:15,233,146,77,10,2.584285714,3.184285714,3.325714286,2.555714286,3.23,3.298571429,2.867142857,3.484285714,3.652857143,37.33905579,43.28571429,43,1016.404286,32.05579399,7.416309013
3/7/2020 10:30,277,194,76,7,3.4325,4.25625,4.535,3.68,4.57125,4.78875,3.995,4.85,5.05625,29.96389892,43.875,42.75,1016.61125,32.33935018,6.584837545
3/7/2020 10:45,311,197,101,13,7.748571429,10.23285714,10.70142857,7.398571429,9.882857143,10.22285714,7.78,9.938571429,10.43285714,36.65594855,44.57142857,42.14285714,1016.992857,32.89067524,5.794212219
3/7/2020 11:00,313,183,116,14,5.56,7.2325,7.655,5.5975,7.2575,7.60875,6.1875,7.39,7.76,41.53354633,44,42,1017.27875,31.86261981,5.731629393
3/7/2020 11:15,355,235,113,7,2.782857143,3.464285714,3.682857143,2.881428571,3.754285714,3.895714286,3.387142857,4.072857143,4.26,33.8028169,43.28571429,43.42857143,1017.417143,31.89014085,5.588732394
3/7/2020 11:30,403,217,157,29,2.8225,3.66125,3.9525,2.95375,3.74625,3.86125,3.2075,3.845,3.97375,46.15384615,42,45.125,1017.70625,28.80397022,6.464019851
3/7/2020 11:45,312,164,124,24,2.961428571,3.731428571,3.964285714,3.005714286,3.721428571,3.96,3.55,4.324285714,4.47,47.43589744,41.57142857,46.85714286,1017.747143,29.55448718,5.766025641
3/7/2020 12:00,299,172,108,19,3.14375,3.94125,4.17375,3.095,4.05875,4.30125,3.485,4.27875,4.445,42.47491639,41.125,47.125,1017.93875,31.21404682,5.976588629
3/7/2020 12:15,313,200,107,6,3.451428571,4.644285714,4.954285714,3.49,4.591428571,4.87,3.717142857,4.62,4.802857143,36.10223642,41,48,1018.46,31.8658147,5.782747604
3/7/2020 12:30,292,162,117,13,3.295,4.305,4.64625,3.29625,4.3575,4.49625,3.64625,4.4125,4.63,44.52054795,41,47.875,1018.7575,31.1130137,5.72260274
3/7/2020 12:45,296,185,96,15,3.124285714,4.125714286,4.274285714,3.204285714,4.128571429,4.292857143,3.745714286,4.565714286,4.734285714,37.5,41.71428571,46.85714286,1019.128571,30.08445946,6.081081081
3/7/2020 13:00,318,171,125,22,3.09875,4,4.27875,3.20625,3.97125,4.26875,3.76375,4.375,4.49375,46.22641509,43.25,45.25,1019.44125,31.28301887,5.666666667
3/7/2020 13:15,291,191,91,9,2.795714286,3.688571429,3.715714286,3.062857143,3.822857143,3.991428571,3.5125,4.26375,4.43875,34.36426117,43.85714286,44.28571429,1019.564286,32.27835052,6.04467354
3/7/2020 13:30,300,189,92,19,2.6625,3.4925,3.59375,2.75625,3.5625,3.715,3.251428571,4.048571429,4.108571429,37,44.625,42.75,1019.6525,30.38333333,6.026666667
3/7/2020 13:45,304,189,102,13,2.875714286,3.82,4.05,3.144285714,3.864285714,4.1,4.17625,5.11125,5.3,37.82894737,45,40.85714286,1019.505714,32.10526316,5.710526316
3/7/2020 14:00,273,164,98,11,3.5925,4.63625,4.8375,3.415,4.52,4.73,4.687142857,5.68,5.952857143,39.92673993,45.875,39.375,1019.95875,31.44322344,6.531135531
3/7/2020 14:15,275,161,104,10,3.921428571,5.172857143,5.554285714,3.774285714,4.854285714,5.041428571,4.98875,6.13625,6.37875,41.45454545,46.57142857,37.85714286,1020.138571,30.68363636,6.436363636
3/7/2020 14:30,283,181,95,7,4.51375,5.915,6.12125,4.4125,5.68,6.11625,5.451428571,6.827142857,7.091428571,36.04240283,47,36.625,1020.27875,32.85159011,6.378091873
3/7/2020 14:45,292,183,95,14,4.378571429,5.734285714,5.988571429,4.5225,5.99625,6.34875,5.44,6.54375,6.64375,37.32876712,47.85714286,35.42857143,1020.411429,32.88356164,6.178082192
3/7/2020 15:00,272,157,94,21,4.3125,5.69875,5.9575,4.28,5.505714286,5.862857143,4.965714286,6.128571429,6.375714286,42.27941176,48.5,34.25,1020.37,31.09926471,6.610294118
3/7/2020 15:15,203,111,76,16,3.937142857,5.2,5.43,4.11875,5.24625,5.445,4.8575,5.97375,6.17875,45.32019704,49.14285714,33.14285714,1019.758571,25.80788177,8.512315271
3/7/2020 15:30,241,120,101,20,3.935,5.115,5.38875,4.038571429,5.187142857,5.37,4.588571429,5.584285714,5.717142857,50.20746888,50.875,31.125,1020.68625,27.35684647,7.518672199
3/7/2020 15:45,262,163,88,11,4.2575,5.26625,5.4325,4.045,5.1425,5.46875,4.77625,5.815,5.995,37.78625954,53,29.625,1020.6375,30.5610687,6.755725191
3/7/2020 16:00,281,180,93,8,4.201428571,5.191428571,5.365714286,3.745714286,4.954285714,5.387142857,4.388571429,5.328571429,5.521428571,35.9430605,53.57142857,28.57142857,1020.625714,32.76868327,6.330960854
3/7/2020 16:15,266,181,74,11,3.8175,4.805,4.93125,3.75125,4.85625,5.11,4.28625,5.2725,5.57375,31.95488722,55.375,27.25,1020.6025,32.15413534,6.834586466
3/7/2020 16:30,250,171,76,3,3.587142857,4.681428571,4.897142857,3.66,4.764285714,4.884285714,4.1,5.134285714,5.328571429,31.6,57,26,1020.618571,34.104,7.176
3/7/2020 16:45,289,197,86,6,3.47875,4.46,4.6325,3.8725,4.90375,5.2075,4.3925,5.44375,5.62875,31.83391003,57.75,25.375,1020.57875,33.48442907,6.280276817
3/7/2020 17:00,243,175,63,5,3.868571429,4.794285714,4.975714286,3.825714286,4.967142857,5.144285714,4.45,5.524285714,5.702857143,27.98353909,58,25,1020.534286,34.45679012,7.230452675
3/7/2020 17:15,263,166,92,5,3.54,4.47875,4.585,3.6825,4.6575,4.84625,4.3725,5.4075,5.63875,36.88212928,57.5,25,1020.30625,32.7756654,6.74904943
3/7/2020 17:30,234,160,67,7,3.504285714,4.315714286,4.437142857,3.414285714,4.382857143,4.577142857,4.28,5.215714286,5.291428571,31.62393162,58.42857143,23.85714286,1020.071429,33.08547009,7.820512821
3/7/2020 17:45,264,174,86,4,3.14375,4.00625,4.1525,3.61125,4.59875,4.82875,4.01375,4.7675,5.015,34.09090909,59.25,23.375,1019.865,33.58333333,6.810606061
3/7/2020 18:00,209,165,42,2,3.542857143,4.464285714,4.627142857,3.552857143,4.554285714,4.884285714,4.207142857,5.231428571,5.482857143,21.05263158,60.14285714,23.14285714,1019.6,34.3923445,8.19138756
3/7/2020 18:15,244,178,61,5,3.52875,4.52125,4.68625,3.54875,4.6325,4.8475,3.9975,4.9375,5.0575,27.04918033,60.375,22.875,1019.395,33.10655738,7.225409836
3/7/2020 18:30,293,197,91,5,3.551428571,4.45,4.621428571,3.415714286,4.325714286,4.73,4.05,5.00125,5.15375,32.76450512,60.57142857,22,1019.138571,32.57679181,6.129692833
3/7/2020 18:45,267,175,88,4,3.62875,4.55125,4.8675,3.66625,4.5675,4.7825,3.824285714,4.74,4.962857143,34.45692884,60.75,21.75,1018.925,33.35955056,6.711610487
3/7/2020 19:00,242,165,72,5,3.388571429,4.158571429,4.255714286,3.67,4.647142857,4.872857143,3.7675,4.55375,4.77875,31.81818182,62.14285714,22,1019.017143,33.42561983,7.425619835
3/7/2020 19:15,202,152,47,3,3.64,4.54625,4.6475,3.855,4.83375,4.98,4.442857143,5.357142857,5.427142857,24.75247525,62.125,20.125,1018.75375,33.27227723,8.806930693
3/7/2020 19:30,189,129,59,1,3.574285714,4.52,4.747142857,3.625714286,4.738571429,4.881428571,4.18125,4.9925,5.155,31.74603175,62.28571429,19.71428571,1018.68,33.85185185,9.354497354
3/7/2020 19:45,191,143,45,3,3.55875,4.46,4.62375,3.73625,4.75125,4.9825,3.95,4.92,5.175714286,25.13089005,63.375,19.5,1018.60375,34.47643979,9.314136126
3/7/2020 20:00,172,129,42,1,3.667142857,4.574285714,4.684285714,3.8725,4.7925,4.90625,4.19,5.1675,5.38,25,64.42857143,19.71428571,1018.654286,32.28488372,10.55232558
3/7/2020 20:15,160,122,38,0,3.69125,4.64625,4.75125,3.775714286,4.79,5.034285714,4.31,5.177142857,5.271428571,23.75,64,18.375,1018.6925,33.5,10.83125
3/7/2020 20:30,154,108,43,3,3.708571429,4.79,4.968571429,3.715,4.685,4.90125,4.1675,5.21125,5.50875,29.87012987,62.42857143,19.28571429,1018.738571,32.84415584,11.77272727
3/7/2020 20:45,162,106,52,4,3.4575,4.375,4.52,3.498571429,4.442857143,4.625714286,3.992857143,4.945714286,5.14,34.56790123,62.875,19.875,1018.71125,33.25308642,11.22222222
3/7/2020 21:00,229,147,77,5,3.902857143,4.754285714,4.865714286,3.86125,4.93125,5.23625,4.115,5.0775,5.1875,35.80786026,62.57142857,20,1018.677143,33.04366812,7.777292576
3/7/2020 21:15,155,115,39,1,3.60125,4.5425,4.71625,3.827142857,4.925714286,5.185714286,4.277142857,5.228571429,5.457142857,25.80645161,60.75,21,1018.8075,33.3483871,11.74193548
3/7/2020 21:30,125,97,27,1,3.805,4.7825,4.9175,3.96125,4.855,5.155,4.195,5.04625,5.3275,22.4,60,21,1019.015,35.248,14.36
3/7/2020 21:45,141,91,45,5,3.391428571,4.332857143,4.578571429,3.492857143,4.661428571,4.821428571,3.784285714,4.564285714,4.684285714,35.46099291,59.85714286,21,1018.907143,32.44680851,12.37588652
3/7/2020 22:00,139,105,32,2,3.5125,4.51125,4.82375,3.71,4.66875,4.84,4.27,5.12125,5.34375,24.46043165,59.875,21.25,1019.16375,34.71223022,13.20143885
3/7/2020 22:15,113,92,20,1,3.48,4.337142857,4.497142857,3.562857143,4.394285714,4.638571429,4.418571429,5.425714286,5.55,18.5840708,59.57142857,21.57142857,1019.294286,33.75221239,16.02654867
3/7/2020 22:30,130,101,29,0,3.3575,4.2175,4.3675,3.4825,4.43625,4.64125,3.80375,4.715,5.00125,22.30769231,59.375,21.75,1019.49625,34.38461538,13.77692308
3/7/2020 22:45,124,102,21,1,3.421428571,4.41,4.657142857,3.642857143,4.778571429,5.037142857,4.01,5.022857143,5.131428571,17.74193548,59.28571429,22.14285714,1019.632857,35.08870968,14.41935484
3/7/2020 23:00,111,85,25,1,3.565,4.47375,4.68875,3.87,4.92125,5.1325,3.795,4.71,5.05875,23.42342342,58.875,22.875,1019.57875,33.17117117,16.11711712
3/7/2020 23:15,98,74,23,1,3.527142857,4.51,4.764285714,3.718571429,4.545714286,4.824285714,4.234285714,5.178571429,5.407142857,24.48979592,58.85714286,23,1019.971429,34.3877551,18.78571429
3/7/2020 23:30,92,69,21,2,3.705,4.8125,5.12125,4.03625,5.21375,5.46625,4.3875,5.2475,5.54625,25,58.875,24,1020.045,34.40217391,19.20652174
3/7/2020 23:45,92,70,21,1,3.977142857,5.064285714,5.418571429,4.302857143,5.645714286,5.948571429,4.69375,5.7575,6.0575,23.91304348,59.14285714,24.42857143,1020.295714,35.42391304,19.81521739
3/8/2020 0:00,68,57,11,0,4.23,5.46375,5.875,4.855,6.0275,6.27375,5.101428571,6.345714286,6.578571429,16.17647059,59,25.125,1020.54375,33.92647059,25.80882353
3/8/2020 0:15,66,49,16,1,8.36,10.72142857,11.26142857,7.807142857,9.782857143,10.11285714,8.1325,10.005,10.37375,25.75757576,59,24.85714286,1020.808571,33.5,27.77272727
3/8/2020 0:30,66,51,14,1,12.12875,15.56875,16.25375,13.09875,16.3975,17.0825,13.03571429,16.03857143,16.50285714,22.72727273,58.875,24.875,1020.895,33.33333333,27.46969697
3/8/2020 0:45,45,36,9,0,9.12,11.64285714,12.25142857,9.64,12.21428571,12.69,9.945,12.32375,12.68625,20,59,26.42857143,1021.105714,31.44444444,39.84444444
3/8/2020 1:00,48,36,12,0,10.86875,13.96,14.58,11.96,15.17875,15.725,12.1,14.75,15.06714286,25,58.5,26.875,1021.27625,33.64583333,37.04166667
3/8/2020 1:15,48,42,6,0,11.79714286,15.30857143,16.05142857,12.42625,15.3825,16.06625,12.62875,15.5375,16.06375,12.5,56.71428571,27.85714286,1021.437143,33.70833333,37.75
3/8/2020 1:30,47,37,10,0,9.50875,12.21375,12.81875,9.72,12.43142857,12.89571429,10.13714286,12.63142857,13.21571429,21.27659574,56,31,1021.69,35.53191489,38.53191489
3/8/2020 1:45,60,48,11,1,10.33,13.43,13.93571429,11.4225,14.72,15.295,11.42125,14.30125,15.00625,20,55.71428571,32.14285714,1021.721429,34.35,29.71666667
3/8/2020 3:00,29,24,5,0,22.5325,30.5075,32.17,24.08857143,31.30142857,33.08571429,23.24857143,29.28857143,30.70571429,17.24137931,52.75,37.75,1022.495,36.27586207,63.4137931
3/8/2020 3:15,24,19,5,0,26.3075,36.8025,39.16125,28.50125,37.29875,39.2225,28.03625,35.9675,37.82875,20.83333333,52.125,39.625,1022.57125,35.58333333,78.08333333
3/8/2020 3:30,22,21,1,0,27.5,37.87857143,40.18857143,29.17285714,38.35,40.18285714,28.46714286,37.14714286,38.88571429,4.545454545,51.85714286,40,1022.83,35.04545455,78.45454545
3/8/2020 3:45,21,17,4,0,20.85125,28.8825,30.45375,22.7625,29.47,30.88375,22.17375,28.33,29.7375,19.04761905,51.625,39.25,1022.90125,37.38095238,87.47619048
3/8/2020 4:00,22,18,4,0,26.69857143,36.32,38.99714286,27.17571429,35.78571429,38.07,26.78,34.36285714,36.38571429,18.18181818,50.71428571,42.28571429,1023.027143,35.45454545,74.68181818
3/8/2020 4:15,27,23,3,1,23.55625,32.57,34.51875,24.86875,32.84625,34.8025,24.16875,30.935,32.54375,14.81481481,51,41.75,1023.095,34.55555556,53.88888889
3/8/2020 4:30,16,13,3,0,22.62285714,30.78857143,33.06714286,23.86142857,31.1,33.29428571,23.09142857,29.84714286,31.24571429,18.75,50.14285714,44.28571429,1023.227143,36.8125,103.3125
3/8/2020 4:45,27,25,2,0,21.94,29.13,31.29375,22.3725,29.04625,30.78125,22.62,28.8025,30.6725,7.407407407,49.75,43.875,1023.17875,34.85185185,66.66666667
3/8/2020 5:00,34,30,4,0,21.82571429,29.99428571,32.08714286,22.56571429,29.37857143,31.33714286,22.48,29.4725,30.88,11.76470588,48.85714286,45.85714286,1023.22,35.11764706,53.44117647
3/8/2020 5:15,31,26,5,0,20.96875,29.37625,31.5175,21.7025,28.965,30.6975,21.45,28.21857143,29.25428571,16.12903226,48.625,47.5,1023.27375,35.12903226,56.90322581
3/8/2020 5:30,75,64,11,0,19.80285714,28.06428571,29.93571429,20.64285714,27.43571429,28.83428571,21.06,27.31,28.55,14.66666667,47.85714286,48.42857143,1023.438571,36.13333333,36.74666667
3/8/2020 5:45,72,61,11,0,19.63125,27.745,29.89875,20.98875,27.63875,29.16375,20.88,26.45714286,27.86428571,15.27777778,46.875,50.25,1023.55125,36.97222222,25.70833333
3/8/2020 6:00,63,43,20,0,19.02571429,27.10714286,28.64142857,20.57142857,26.83285714,28.68857143,19.7875,25.485,26.6175,31.74603175,46.57142857,50.85714286,1023.404286,37.38095238,28.74603175
3/8/2020 6:15,76,56,19,1,19.48625,27.85875,29.39125,21.26,27.44125,29.16,20.91571429,26.75,28.03,26.31578947,46.75,50.25,1023.73875,36.42105263,23.85526316
3/8/2020 6:30,85,64,21,0,18.75,26.33714286,28.41285714,19.86714286,25.85285714,27.37571429,19.80625,25.31875,26.685,24.70588235,46,51.28571429,1023.82,36.09411765,20.24705882
3/8/2020 6:45,103,80,23,0,17.93875,25.335,27.03875,19.36375,25.45125,26.9475,19.07285714,24.53857143,25.79857143,22.33009709,46.25,51.5,1023.8375,36.22330097,17.68932039
3/8/2020 7:00,66,52,13,1,17.44428571,24.08,26.03285714,19.02125,24.50125,26.195,18.67625,23.85875,25.0725,21.21212121,46.28571429,51.57142857,1023.758571,37.16666667,27.22727273
3/8/2020 7:15,109,92,16,1,16.62375,23.1,24.99625,17.63571429,23.09,24.18,17.48428571,22.24,23.41857143,15.59633028,46.5,50.875,1023.6575,36.1559633,16.77981651
3/8/2020 7:30,97,73,24,0,16.87428571,24.11285714,25.57285714,18.44125,24.13875,25.57625,17.96875,23.20375,24.6625,24.74226804,46,51,1022.85,34.96907216,18.71134021
3/8/2020 7:45,125,101,24,0,15.85625,22.5775,24.25,17.11,22.32714286,23.42428571,16.81142857,21.61285714,22.61428571,19.2,45,52.375,1023.4275,34.8,14.328
3/8/2020 8:00,171,136,35,0,14.87,21.46,22.91714286,16.0825,21.2275,22.325,15.8225,20.455,21.51375,20.46783626,44.42857143,53.28571429,1023.481429,33.85964912,10.7251462
3/8/2020 8:15,134,110,23,1,15.2925,22.0025,23.40875,15.91571429,20.72,21.95,16.36,21.49,22.63142857,17.91044776,43.625,56,1023.68125,34.81343284,13.15671642
3/8/2020 8:30,134,107,26,1,14.08428571,20.00857143,21.45285714,14.93,19.77,20.95,14.96125,19.28875,20.2925,20.14925373,44,55.71428571,1023.738571,36.10447761,13.73880597
3/8/2020 8:45,177,127,48,2,12.87125,17.7575,19.2025,13.71857143,18.72857143,19.9,13.53571429,17.48571429,18.32428571,28.24858757,44.375,54.25,1023.67,35.69491525,9.988700565
3/8/2020 9:00,172,120,52,0,13.19625,18.73625,19.93875,13.83,18.04625,19,13.93,17.94625,18.62375,30.23255814,41.25,59.125,1024.04375,34.79651163,10.54069767
3/8/2020 9:15,217,139,71,7,13.84714286,19.71142857,21.31285714,14.69,18.91285714,20.55428571,14.68714286,19.19714286,20.43428571,35.94470046,41.42857143,60,1024.234286,33.02764977,8.267281106
3/8/2020 9:30,189,142,43,4,14.445,21.14375,22.435,15.7025,21.05,22.99625,15.4325,20.445,21.6725,24.86772487,43,57.125,1024.34,35.47619048,9.407407407
3/8/2020 9:45,212,161,50,1,14.25571429,20.15428571,21.55428571,15.31571429,19.95,21.43428571,14.93,19.21,20.59142857,24.05660377,42.85714286,56,1024.534286,35.76415094,8.58490566
3/8/2020 10:00,209,155,51,3,14.46875,20.26875,21.60875,15.42875,20.03,21.3625,14.7275,18.82875,20.24875,25.83732057,44,54.375,1024.74,35.05741627,8.655502392
3/8/2020 10:15,205,152,49,4,13.02,17.90142857,19.14,13.65285714,17.45714286,18.50857143,13.6,17.33375,18.13625,25.85365854,44,52.71428571,1024.822857,34.74634146,8.575609756
3/8/2020 10:30,198,135,63,0,10.07875,13.71875,14.695,10.995,14.95625,15.90375,10.40285714,13.97142857,14.58714286,31.81818182,44.5,48.75,1024.78625,33.86868687,9.348484848
3/8/2020 10:45,240,166,68,6,9.287142857,13.31,14.01857143,9.704285714,13.72,14.38142857,9.60125,12.875,13.62125,30.83333333,45,46,1024.948571,35.325,7.341666667
3/8/2020 11:00,246,157,86,3,9.54875,13.80875,14.61125,10.0075,13.98625,14.59375,9.971428571,13.27714286,14.19571429,36.17886179,45,45,1025.17375,33.86585366,7.18699187
3/8/2020 11:15,264,180,79,5,10.65428571,14.63428571,15.63857143,11.17,15.38142857,16.25142857,11.51,15.01375,15.7825,31.81818182,44.85714286,45.57142857,1025.425714,33.99621212,6.814393939
3/8/2020 11:30,254,162,85,7,11.0975,14.98375,15.8375,11.78875,15.80875,16.54875,11.33714286,14.85857143,15.56,36.22047244,45,45.75,1025.70125,33.68503937,6.625984252
3/8/2020 11:45,268,160,96,12,11.23285714,15.10571429,16.37857143,11.36142857,15.70285714,16.48428571,11.60875,15.14875,15.845,40.29850746,44.28571429,45,1025.82,33.49626866,6.701492537
3/8/2020 12:00,255,175,76,4,13.14,18.3525,19.50875,13.445,17.88125,18.99125,14.03,17.59285714,18.61285714,31.37254902,42.25,50,1025.94875,34.00784314,7.047058824
3/8/2020 12:15,210,139,67,4,14.16285714,20.62285714,22.44428571,14.7625,19.31125,20.46625,14.87,19.51625,20.67,33.80952381,41.28571429,55.14285714,1026.32,33.28095238,8.561904762
3/8/2020 12:30,265,178,79,8,13.68375,19.445,20.955,14.33,19.01428571,20.15857143,14.42285714,18.22142857,19.18,32.83018868,42.5,55,1026.36625,33.31320755,6.826415094
3/8/2020 12:45,226,157,65,4,12.95571429,18.42,19.67714286,12.7425,17.35625,18.55,13.43125,17.81125,18.5075,30.53097345,43.28571429,52.42857143,1026.705714,35.33185841,7.309734513
3/8/2020 13:00,247,175,67,5,12.20375,16.85375,18.09625,12.38142857,16.37857143,17.34428571,12.39714286,16.64857143,17.42,29.14979757,43.625,50.25,1026.655,34.73684211,7.376518219
3/8/2020 13:15,222,138,81,3,12.57,16.83,18.27428571,12.61375,16.59375,17.47,12.0925,15.89375,16.7525,37.83783784,44.71428571,49.28571429,1027.047143,34.16666667,7.887387387
3/8/2020 13:30,235,171,63,1,11.25,15.94375,17.05875,11.69142857,15.43142857,16.19571429,11.67,15.04,15.63,27.23404255,46.375,46,1027.18,35.33617021,7.50212766
3/8/2020 13:45,258,188,68,2,9.14,12.40857143,13.40571429,9.4325,12.52625,13.155,9.37375,12.07875,12.725,27.13178295,49.28571429,40.57142857,1027.195714,35.45348837,7.054263566
3/8/2020 14:00,221,148,63,10,6.4475,8.75625,9.11875,6.91,9.03,9.591428571,6.762857143,8.538571429,8.825714286,33.03167421,51.125,36,1027.39375,33.18099548,8.20361991
3/8/2020 14:15,246,168,73,5,5.721428571,7.642857143,7.998571429,6.05,7.9925,8.47125,6.17,7.6875,7.9725,31.70731707,52.85714286,33.14285714,1027.565714,34.1504065,7.235772358
3/8/2020 14:30,232,150,77,5,4.89,6.4575,6.79875,5.1,6.567142857,7.051428571,5.254285714,6.624285714,6.977142857,35.34482759,54.625,30.25,1027.535,34.06034483,7.801724138
3/8/2020 14:45,228,160,63,5,4.9525,6.705,7.0275,4.97625,6.47875,6.76375,5.175,6.585,6.85125,29.8245614,56.25,28.75,1027.775,35.07017544,7.495614035
3/8/2020 15:00,244,175,67,2,4.955714286,6.701428571,7.098571429,5.467142857,7.215714286,7.68,5.842857143,7.277142857,7.66,28.27868852,57.71428571,27.85714286,1027.754286,34.25819672,7.360655738
3/8/2020 15:15,239,152,77,10,4.92625,6.63125,6.88,5.705,7.31,7.7,5.5325,6.97625,7.21875,36.40167364,58.5,26.75,1027.3975,33.05439331,7.334728033
3/8/2020 15:30,220,157,57,6,4.582857143,6.007142857,6.244285714,5.047142857,6.582857143,6.795714286,5.012857143,6.254285714,6.435714286,28.63636364,61.42857143,24.71428571,1027.632857,34.94545455,8.254545455
3/8/2020 15:45,241,169,69,3,3.31625,4.5025,4.85,3.85,5.25875,5.39375,4.14875,5.33125,5.57625,29.87551867,64.5,21.5,1027.56375,34.31120332,7.394190871
3/8/2020 16:00,228,159,67,2,2.887142857,3.81,3.881428571,3.137142857,4.152857143,4.371428571,3.37,4.29,4.44375,30.26315789,66.42857143,18.85714286,1027.431429,34.14473684,8.065789474
3/8/2020 16:15,232,154,72,6,3.1075,4.0475,4.1375,3.15125,4.285,4.53125,3.614285714,4.43,4.704285714,33.62068966,67.75,18,1027.26875,33.75,7.659482759
3/8/2020 16:30,201,151,46,4,2.668571429,3.652857143,3.921428571,3.195714286,4.207142857,4.362857143,3.675,4.62,4.82625,24.87562189,68.42857143,17.71428571,1027.187143,34.71641791,8.810945274
3/8/2020 16:45,214,149,58,7,2.57875,3.50625,3.65625,2.89875,3.89875,4.08,3.242857143,3.994285714,4.217142857,30.37383178,68.75,16.75,1027.04875,33.85981308,8.46728972
3/8/2020 17:00,209,139,65,5,2.671428571,3.538571429,3.772857143,2.764285714,3.708571429,3.864285714,3.3075,4.07125,4.25875,33.49282297,69,17.42857143,1026.785714,34.24401914,8.416267943
3/8/2020 17:15,237,168,68,1,2.58,3.43875,3.505,3.0025,4.06875,4.2175,3.268571429,4.06,4.251428571,29.11392405,68.75,16.75,1026.6025,34.18987342,7.599156118
3/8/2020 17:30,217,159,58,0,2.151428571,2.951428571,3.127142857,2.598571429,3.434285714,3.618571429,2.855,3.69375,3.84375,26.7281106,69.85714286,16.85714286,1026.452857,35.9124424,7.995391705
3/8/2020 17:45,218,153,63,2,2.38875,3.23,3.3875,2.695,3.65625,3.86,3.107142857,3.837142857,3.984285714,29.81651376,69.75,16,1026.19625,35.23853211,8.568807339
3/8/2020 18:00,182,141,39,2,2.437142857,3.212857143,3.407142857,2.47875,3.38375,3.5725,2.70125,3.37,3.43125,22.52747253,70.28571429,16.28571429,1025.871429,35.12087912,9.840659341
3/8/2020 18:15,206,139,63,4,2.3725,3.14125,3.415,2.487142857,3.322857143,3.454285714,2.761428571,3.547142857,3.69,32.52427184,69.5,16,1025.68,33.88834951,8.684466019
3/8/2020 18:30,178,131,47,0,2.34,3.187142857,3.33,2.68,3.63625,3.715,2.80125,3.4,3.53875,26.40449438,70,15.71428571,1025.278571,33.82022472,9.808988764
3/8/2020 18:45,172,123,46,3,2.34625,3.0125,3.19,2.222857143,3.064285714,3.16,2.941428571,3.53,3.657142857,28.48837209,70.25,15.375,1025.235,33.85465116,10.76162791
3/8/2020 19:00,146,116,28,2,1.912857143,2.687142857,2.902857143,2.3125,3.2025,3.3875,2.855,3.57875,3.67875,20.54794521,70.71428571,15.14285714,1025.185714,33.98630137,12.34246575
3/8/2020 19:15,123,89,31,3,1.70625,2.38875,2.54875,2.075714286,2.912857143,3.04,2.345714286,3.054285714,3.168571429,27.64227642,71.5,14,1025.095,32.73170732,14.28455285
3/8/2020 19:30,119,96,21,2,1.551428571,2.124285714,2.234285714,1.63875,2.24875,2.32,2.10125,2.67375,2.77,19.32773109,70.85714286,13.42857143,1024.894286,34.4789916,15.35294118
3/8/2020 19:45,126,101,25,0,1.31375,1.83625,2.03,1.491428571,2.044285714,2.128571429,1.968571429,2.562857143,2.68,19.84126984,71.625,13,1025.005,34.13492063,14.29365079
3/8/2020 20:00,118,90,27,1,1.52,2.064285714,2.192857143,1.78375,2.63,2.81,2.17,2.625,2.685,23.72881356,72.57142857,13.71428571,1024.955714,34.11864407,15.44067797
3/8/2020 20:15,109,80,29,0,1.5875,2.19375,2.36625,1.717142857,2.5,2.754285714,2.291428571,2.891428571,2.972857143,26.60550459,72.5,13.75,1024.885,33.52293578,15.8440367
3/8/2020 20:30,76,53,23,0,1.79375,2.4525,2.69375,1.93375,2.71,2.8275,2.62375,3.27375,3.39125,30.26315789,72,14.125,1024.82375,34.42105263,24.13157895
3/8/2020 20:45,90,66,23,1,1.85,2.627142857,2.751428571,1.937142857,2.515714286,2.714285714,2.361428571,2.912857143,3.024285714,26.66666667,71.42857143,15.14285714,1024.694286,35.04444444,19.84444444
3/8/2020 21:00,84,72,12,0,1.70875,2.32,2.44875,1.83375,2.57875,2.76125,2.33375,2.9525,3.11875,14.28571429,70.875,14.75,1024.6225,35.32142857,21.42857143
3/8/2020 21:15,75,58,16,1,1.745714286,2.398571429,2.598571429,1.961428571,2.701428571,2.965714286,2.17875,2.79875,2.89875,22.66666667,69.57142857,15.14285714,1024.541429,32.74666667,23.97333333
3/8/2020 21:30,59,47,12,0,1.9825,2.79625,2.9875,2.44125,3.24375,3.35375,2.767142857,3.398571429,3.521428571,20.33898305,68.5,16.5,1024.45375,32.83050847,30.10169492
3/8/2020 21:45,66,49,15,2,1.952857143,2.747142857,2.931428571,2.185714286,3.068571429,3.321428571,2.73625,3.3975,3.655,25.75757576,68,17,1024.468571,36.71212121,27.66666667
3/8/2020 22:00,68,51,17,0,2.045,2.75,2.975,2.37375,3.06125,3.12375,2.631428571,3.398571429,3.527142857,25,67.375,17.875,1024.29625,33.94117647,26.82352941
3/8/2020 22:15,64,53,11,0,2.265714286,3.134285714,3.338571429,2.617142857,3.588571429,3.791428571,2.6975,3.34,3.64125,17.1875,66.57142857,18,1024.001429,34.15625,27.5625
3/8/2020 22:30,48,43,5,0,1.83625,2.78,3.0225,2.1575,3.0675,3.3775,2.834285714,3.534285714,3.657142857,10.41666667,66,18.125,1024.40375,32.375,37.89583333
3/8/2020 22:45,46,37,8,1,2.387142857,3.22,3.428571429,2.752857143,3.54,3.758571429,2.9075,3.72,3.88375,19.56521739,66,18.85714286,1024.462857,32.47826087,38.43478261
3/8/2020 23:00,38,33,5,0,2.39375,3.29875,3.65375,2.8775,3.8775,4.05125,3.48,4.365714286,4.61,13.15789474,66,19.5,1024.495,34.81578947,46.05263158
3/8/2020 23:15,25,23,2,0,2.968571429,4.114285714,4.452857143,3.2075,4.39,4.57875,3.6725,4.68375,4.885,8,65.71428571,19.85714286,1024.504286,31.68,63.12
3/8/2020 23:30,29,24,5,0,3.27625,4.51625,4.90125,3.764285714,5.057142857,5.38,3.922857143,4.982857143,5.22,17.24137931,65.125,20,1024.5275,33.86206897,61.51724138
3/8/2020 23:45,40,33,7,0,3.274285714,4.598571429,4.95,4.05875,5.47,5.795,4.12875,5.2025,5.46625,17.5,64.85714286,20,1024.48,32.675,58.25
3/9/2020 0:00,21,18,3,0,5.0275,6.7975,7.235,5.845714286,7.708571429,8.384285714,5.648571429,7.265714286,7.791428571,14.28571429,65,20.375,1024.74875,35.66666667,79.14285714
3/9/2020 0:15,15,12,3,0,4.28,5.711428571,6.185714286,5.27,6.88625,7.16125,5.14,6.615,6.8525,20,65,20.42857143,1024.901429,31.6,99.93333333
3/9/2020 0:30,23,14,9,0,10.05,13.87375,14.45,11.67428571,15.49428571,16.38714286,11.65142857,14.96142857,15.70285714,39.13043478,63.875,22.125,1024.76625,32.65217391,77.26086957
3/9/2020 0:45,15,9,6,0,10.92,14.72571429,15.74,12.67375,16.50625,17.4825,12.5725,16.04875,16.955,40,63.57142857,23.85714286,1024.941429,33.4,101.2666667
3/9/2020 1:00,10,8,2,0,10.6025,14.1375,15.1075,11.66,14.97714286,15.84285714,11.49714286,14.73142857,15.33428571,20,62.5,24.75,1024.9425,40.7,106.4
3/9/2020 1:15,12,10,2,0,8.614285714,11.23857143,11.85571429,9.795,12.68625,13.3675,9.56125,11.975,12.53125,16.66666667,62,25.57142857,1024.852857,32.25,152.3333333
3/9/2020 1:30,6,5,1,0,8.245,11.135,11.79625,10.01714286,12.98428571,13.65428571,9.998571429,12.20857143,12.70285714,16.66666667,61.125,26.25,1024.86875,28.33333333,155.3333333
3/9/2020 1:45,9,6,3,0,8.607142857,11.48285714,12.19857143,9.75,12.69,13.2175,9.3925,11.92375,12.4375,33.33333333,61,26.14285714,1024.982857,31.33333333,163.5555556
3/9/2020 2:00,14,9,5,0,8.73125,11.49,12.23625,9.31,11.88571429,12.59,9.287142857,11.56857143,12.14571429,35.71428571,60.75,27,1025.02375,35.71428571,100
3/9/2020 2:15,13,10,3,0,7.54375,9.99,10.4625,8.59875,10.9825,11.5475,8.635,10.75625,11.2175,23.07692308,60,28.375,1025.09125,35.61538462,138
3/9/2020 2:30,16,14,2,0,6.715714286,8.958571429,9.458571429,7.772857143,9.952857143,10.52285714,7.71875,9.50625,9.895,12.5,60,29.14285714,1025.218571,36.0625,111.125
3/9/2020 2:45,13,11,2,0,6.075,7.9725,8.50375,6.97,8.92375,9.4225,6.794285714,8.59,8.902857143,15.38461538,59.625,29.625,1025.27,37.38461538,112.3846154
3/9/2020 3:00,20,16,4,0,6.381428571,8.094285714,8.641428571,6.828571429,8.832857143,9.19,6.85375,8.53,9.035,20,59,29.85714286,1025.261429,34.65,85.3
3/9/2020 3:15,19,15,4,0,15.685,23.5325,24.79625,14.29125,19.3325,20.875,15.01857143,20.08,21.20285714,21.05263158,58.125,30.375,1025.0325,32.84210526,89.63157895
3/9/2020 3:30,33,26,6,1,15.69142857,22.35857143,23.51,17.51,23.78428571,25.46285714,17.1075,22.74,24.14375,21.21212121,58,31.71428571,1025.464286,33.27272727,55.45454545
3/9/2020 3:45,37,27,10,0,12.70625,17.59625,18.46,14.05125,18.835,20.1825,13.14571429,17.12571429,17.90857143,27.02702703,57.75,33.625,1025.475,32.21621622,47.89189189
3/9/2020 4:00,23,10,13,0,6.091428571,7.98,8.377142857,7.158571429,9.288571429,9.645714286,6.575,8.42625,8.80875,56.52173913,57,34.28571429,1025.595714,30.7826087,80.65217391
3/9/2020 4:15,54,38,16,0,6.99625,9.11125,9.60125,7.6075,9.73625,10.21625,7.678571429,9.624285714,10.22142857,29.62962963,56.25,35.5,1025.66875,36.7962963,33.96296296
3/9/2020 4:30,72,61,11,0,8.512857143,11.17428571,12.09428571,9.645,12.52875,13.18875,9.36,11.76125,12.39875,15.27777778,55.71428571,36,1025.572857,36.26388889,24.41666667
3/9/2020 4:45,81,67,14,0,8.78,11.9425,12.40625,9.488571429,12.39857143,13.14,9.458571429,11.94,12.69571429,17.28395062,55.25,37.5,1025.36875,36.74074074,21.74074074
3/9/2020 5:00,84,60,24,0,7.935714286,10.50857143,11.22714286,8.1325,10.5825,11.04875,8.3325,10.48,11.0825,28.57142857,54.85714286,37.71428571,1025.338571,35.88095238,21.82142857
3/9/2020 5:15,106,81,22,3,7.95,10.4725,11.075,8.652857143,10.97714286,11.54571429,8.482857143,10.72,11.15285714,23.58490566,54,39.625,1025.265,35.83018868,17.60377358
3/9/2020 5:30,130,94,32,4,9.328571429,12.47285714,13.32571429,10.43125,13.57875,14.5425,10.1225,12.97875,13.685,27.69230769,54,40.42857143,1025.397143,35.97692308,13.69230769
3/9/2020 5:45,220,167,52,1,8.86,11.66,12.46625,9.6,12.57285714,13.15428571,9.495714286,11.95285714,12.56,24.09090909,54,41,1025.57375,36.47727273,8.295454545
3/9/2020 6:00,210,145,60,5,8.8,11.71428571,12.43857143,9.58,12.44125,13.16375,9.37625,11.76,12.37375,30.95238095,53.28571429,41.85714286,1025.565714,36.33809524,8.328571429
3/9/2020 6:15,315,209,95,11,9.29375,12.4475,13.02625,10.69142857,13.68714286,14.44285714,10.36857143,13.09142857,14.01,33.65079365,53,42.125,1025.4725,34.86984127,5.761904762
3/9/2020 6:30,323,179,123,21,8.4,11.19285714,11.93857143,9.585,12.29125,13.085,8.96,11.26,11.88375,44.58204334,53,42.71428571,1025.52,31.57585139,5.541795666
3/9/2020 6:45,391,215,154,22,8.55625,11.2875,11.9975,9.545714286,12.17,12.78571429,9.598571429,11.99142857,12.81857143,45.01278772,53,43.125,1025.40125,33.79028133,4.47826087
3/9/2020 7:00,370,204,148,18,8.645714286,11.18714286,11.69714286,9.48125,12.0775,12.8225,9.25,11.635,12.1675,44.86486486,53,43,1025.4,31.82972973,4.875675676
3/9/2020 7:15,410,233,148,29,8.74875,11.3925,12.27625,9.147142857,12.01714286,12.82714286,9.188571429,11.65285714,12.09428571,43.17073171,52.125,43.75,1025.44375,30.75853659,4.319512195
3/9/2020 7:30,344,193,127,24,9.175714286,12.17142857,12.94857143,9.87875,12.765,13.5275,9.6875,12.24125,12.7725,43.89534884,52,46,1025.395714,30.5755814,5.13372093
3/9/2020 7:45,382,203,159,20,9.00375,11.94625,12.49375,9.887142857,12.75857143,13.54,9.74,12.32,13.16,46.85863874,52,46,1025.39625,32.48167539,4.471204188
3/9/2020 8:00,337,212,115,10,8.9225,11.9875,12.78875,9.48625,11.8925,12.34,9.56875,12.02625,12.8575,37.09198813,51,46.625,1025.30125,31.79525223,5.37388724
3/9/2020 8:15,295,187,102,6,8.248571429,11.10714286,12.12142857,9.048571429,11.83857143,12.53857143,9.1125,11.48875,12.0625,36.61016949,50.71428571,48,1025.237143,33.63728814,6.023728814
3/9/2020 8:30,350,214,127,9,8.6375,11.45125,12.13125,9.61875,12.225,12.8,9.357142857,11.74714286,12.38714286,38.85714286,50.5,48.25,1025.15875,31.45714286,5.14
3/9/2020 8:45,349,213,122,14,8.737142857,11.45285714,12.41857143,9.857142857,12.76,13.38285714,9.7525,12.2525,12.88375,38.96848138,50.71428571,49,1025.12,31.9025788,5.157593123
3/9/2020 9:00,290,179,100,11,8.77625,11.7975,12.61375,9.84125,12.46875,13.17375,9.741428571,12.39428571,12.98857143,38.27586207,50.75,49.25,1025.1025,31.96896552,6.189655172
3/9/2020 9:15,298,184,106,8,9.588571429,12.64142857,13.30285714,10.03857143,13.03285714,13.77857143,9.95,12.66125,13.39375,38.25503356,50,49.71428571,1025.168571,32.89597315,6.040268456
3/9/2020 9:30,294,172,117,5,9.81,13.2525,14.21,10.28875,13.49125,14.2175,10.33857143,13.07285714,13.48571429,41.49659864,49.25,51.25,1025.19375,32.42176871,6.129251701
3/9/2020 9:45,330,191,127,12,9.588571429,13.53,14.71857143,10.47,13.83,14.53285714,10.39375,13.26,13.91375,42.12121212,50,51.71428571,1025.204286,31.67575758,5.448484848
3/9/2020 10:00,336,176,141,19,8.99,12.05125,12.82,9.38,12.33,13.0225,9.817142857,12.39714286,12.99571429,47.61904762,50,51,1025.39,29.53869048,5.288690476
3/9/2020 10:15,338,205,122,11,9.36,12.55857143,13.48285714,10.025,13.22625,13.88375,10.2,13.10375,13.74375,39.34911243,50,51,1025.477143,31.62721893,5.316568047
3/9/2020 10:30,309,170,131,8,9.11125,12.32625,13.09375,10.11285714,13.14571429,13.76714286,9.874285714,12.41,13.05,44.98381877,50.5,51,1025.6,31.99029126,5.54368932
3/9/2020 10:45,371,203,155,13,9.444285714,12.54,13.39142857,9.84625,13.15125,13.90875,9.9025,12.82125,13.4175,45.28301887,49.57142857,51.28571429,1025.351429,30.38544474,4.811320755
3/9/2020 11:00,334,208,110,16,9.06375,12.2075,12.84625,10.06714286,12.98428571,13.69142857,9.907142857,12.57857143,13.49428571,37.7245509,49.25,52.625,1025.96,31.67964072,5.275449102
3/9/2020 11:15,359,235,112,12,10.12142857,13.97,15.17857143,10.63625,13.95125,14.59625,10.74375,13.58125,14.33875,34.54038997,48,55,1026.13,31.47632312,4.846796657
3/9/2020 11:30,330,198,115,17,9.69625,13.43,14.4825,10.82857143,13.81,14.82857143,10.22571429,13.03,13.77142857,40,48.625,55,1026.18125,30.7,5.415151515
3/9/2020 11:45,368,193,146,29,9.35,12.76,13.46,10.55875,13.8975,14.76625,10.44875,13.38125,13.935,47.55434783,50,54,1026.248571,29.63315217,4.763586957
3/9/2020 12:00,366,202,151,13,9.29125,12.9275,13.715,11.00857143,14.7,15.64857143,10.75571429,13.80142857,14.65285714,44.80874317,51,53.75,1026.30625,30.53551913,4.803278689
3/9/2020 12:15,385,216,140,29,10.58285714,15.49857143,17.23857143,13.28,18.68125,20.45625,12.62375,17.44125,18.93,43.8961039,51.71428571,53,1026.298571,30.33506494,4.711688312
3/9/2020 12:30,325,151,146,28,18.5425,33.35,42.415,21.88857143,34.29142857,38.64571429,21.00857143,33.36142857,37.34428571,53.53846154,52.5,51.75,1026.3025,28.10461538,5.323076923
3/9/2020 12:45,402,230,156,16,9.837142857,14.09142857,15.12571429,10.6375,14.79125,15.8875,10.82,14.2825,15.09625,42.78606965,53.42857143,51,1026.261429,31.10945274,4.417910448
3/9/2020 13:00,371,215,145,11,9.30125,13.5675,14.52125,10.08,13.73571429,15.06714286,10.22142857,13.64428571,14.46428571,42.04851752,54.375,51,1026.2625,30.44743935,4.762803235
3/9/2020 13:15,367,204,152,11,8.334285714,11.71714286,12.80571429,9.1575,12.3,13.0175,9.16125,12.01375,12.64125,44.41416894,55.57142857,50.85714286,1026.584286,30.34877384,4.790190736
3/9/2020 13:30,381,236,135,10,8.4225,11.63375,12.39375,9.138571429,12.21285714,12.87285714,9.08375,11.89,12.6125,38.05774278,56.5,49,1026.74,30.48293963,4.729658793
3/9/2020 13:45,367,216,141,10,7.72,10.53,11.25875,8.2075,10.8175,11.3275,8.211428571,10.72285714,11.32571429,41.14441417,57.875,45.875,1026.7625,31.32697548,4.863760218
3/9/2020 14:00,369,214,138,17,7.522857143,10.1,11.02428571,8.15,10.68285714,11.2,8.2625,10.61,11.17125,42.00542005,59,42.57142857,1026.818571,30.14092141,4.93495935
3/9/2020 14:15,399,226,155,18,7.81875,10.53375,11.36,8.56375,11.23375,12.14,8.64,11.17571429,11.90571429,43.35839599,60.625,39.375,1026.86125,31.03258145,4.493734336
3/9/2020 14:30,394,236,145,13,9.014285714,12.23,13.09142857,9.78,12.97285714,13.98142857,9.66875,12.5325,13.29125,40.10152284,62,38.42857143,1026.971429,31.17005076,4.581218274
3/9/2020 14:45,393,208,165,20,6,7.82875,8.5275,6.64,8.7625,9.3325,6.834285714,8.537142857,8.995714286,47.07379135,63,35.875,1026.82,29.63358779,4.486005089
3/9/2020 15:00,395,226,156,13,6.237142857,8.184285714,8.752857143,6.902857143,9.048571429,9.408571429,6.77125,8.77375,9.1725,42.78481013,64.71428571,34.57142857,1026.852857,31.55949367,4.407594937
3/9/2020 15:15,405,229,162,14,5.14625,6.79875,7.44875,5.90875,7.8825,8.38125,6.1,7.658571429,8.211428571,43.45679012,66,33,1026.71625,29.94320988,4.459259259
3/9/2020 15:30,412,255,137,20,4.367142857,5.808571429,6.217142857,4.65375,6.30125,6.90375,5.545,6.875,7.34875,38.10679612,67.42857143,32.71428571,1026.588571,31.85194175,4.366504854
3/9/2020 15:45,413,215,180,18,4.895,6.98125,7.95625,5.664285714,7.765714286,8.267142857,6.141428571,8.141428571,8.772857143,47.94188862,70,32,1026.47875,30.01694915,4.261501211
3/9/2020 16:00,401,197,180,24,4.065714286,5.808571429,6.317142857,4.9725,6.8925,7.48375,5.33,7.17875,7.62625,50.87281796,72.14285714,30.71428571,1026.285714,29.82294264,4.341645885
3/9/2020 16:15,441,214,197,30,3.0925,4.21375,4.645,3.388571429,4.592857143,4.901428571,3.981428571,5.228571429,5.587142857,51.4739229,75,29.75,1026.075,29.10657596,3.98185941
3/9/2020 16:30,443,188,220,35,2.674285714,3.922857143,4.285714286,3.29375,4.58125,5.0125,3.7,4.88625,5.275,57.56207675,76.28571429,29.71428571,1025.774286,29.66139955,4.015801354
3/9/2020 16:45,403,226,162,15,2.57,3.56625,3.8525,2.824285714,3.972857143,4.138571429,3.42,4.445714286,4.775714286,43.92059553,76.875,29.5,1025.41875,31.84615385,4.431761787
3/9/2020 17:00,326,164,142,20,2.192857143,3.122857143,3.592857143,2.46125,3.51875,3.9125,3.15625,4.13625,4.39875,49.69325153,76.85714286,29,1024.935714,31.66257669,5.423312883
3/9/2020 17:15,344,223,109,12,1.9375,2.8675,3.195,2.218571429,3.162857143,3.48,2.74,3.567142857,3.84,35.1744186,77.625,28.875,1024.80625,32.81395349,5.252906977
3/9/2020 17:30,310,205,95,10,2.117142857,2.98,3.258571429,2.27625,3.38625,3.7,2.925,3.87375,4.2975,33.87096774,76.57142857,29.42857143,1024.37,33.4,5.480645161
3/9/2020 17:45,266,157,101,8,2.18125,3.205,3.36375,2.478571429,3.624285714,4.087142857,3.092857143,4.117142857,4.561428571,40.97744361,76,29.625,1024.2275,32.68796992,6.804511278
3/9/2020 18:00,249,172,73,4,0.764285714,1.327142857,1.705714286,0.93,1.6875,1.94125,1.8525,2.50125,2.655,30.92369478,76.85714286,26.71428571,1023.865714,34.13253012,7.148594378
3/9/2020 18:15,229,165,60,4,0.615,1.1175,1.265,0.857142857,1.318571429,1.558571429,1.632857143,2.19,2.377142857,27.94759825,77.25,24.5,1023.40625,31.83406114,7.973799127
3/9/2020 18:30,251,180,65,6,0.865714286,1.46,1.877142857,0.83625,1.46,1.60125,2.05375,2.62625,2.79625,28.28685259,78.14285714,24,1023.004286,33.37848606,7.087649402
3/9/2020 18:45,225,161,64,0,0.49625,0.91875,1.125,0.66,1.257142857,1.485714286,1.815714286,2.432857143,2.674285714,28.44444444,79.375,22.25,1022.805,33.97333333,8.004444444
3/9/2020 19:00,183,132,48,3,0.958571429,1.661428571,2.201428571,1.18625,2.10875,2.3775,1.97375,2.8325,2.995,27.86885246,80,22.42857143,1022.598571,33.47540984,9.81420765
3/9/2020 19:15,168,122,45,1,0.7925,1.1725,1.33875,0.745714286,1.288571429,1.49,1.7475,2.3275,2.605,27.38095238,79.375,21,1022.38625,34.14285714,10.83928571
3/9/2020 19:30,154,104,45,5,0.80125,1.39625,1.57625,1.15625,1.89,2.14375,2.172857143,2.828571429,3.022857143,32.46753247,80.75,20.5,1022.20125,32.94155844,10.92207792
3/9/2020 19:45,167,109,50,8,1.791428571,2.63,2.805714286,2.047142857,2.91,3.078571429,2.885,3.96625,4.20625,34.73053892,81.85714286,20.14285714,1021.982857,31.67664671,10.76047904
3/9/2020 20:00,270,191,76,3,3.885,5.31875,5.59875,4.105,5.5125,5.82125,4.678571429,6.1,6.494285714,29.25925926,80.75,20.625,1021.635,32.91481481,11.14444444
3/9/2020 20:15,209,153,53,3,6.794285714,8.888571429,9.507142857,7.551428571,10.09857143,10.75857143,8.24625,10.65,11.085,26.79425837,79.42857143,21.85714286,1021.567143,34.59330144,12.29665072
3/9/2020 20:30,95,77,18,0,21.81875,29.94875,31.24125,22.70625,30.25875,32.20125,22.61,29.98428571,31.33285714,18.94736842,80,22,1021.31875,34.49473684,18.48421053
3/9/2020 20:45,88,71,16,1,30.98857143,42.55571429,44.30285714,33.2925,43.80375,46.30375,31.265,41.62125,43.66625,19.31818182,79.57142857,22.14285714,1021.044286,32.89772727,20.90909091
3/9/2020 21:00,95,70,25,0,37.9475,52.15875,54.27125,41.09,54.33571429,57.19,39.25857143,51.63571429,53.65,26.31578947,79,22.5,1020.82375,32.55789474,18.41052632
3/9/2020 21:15,90,75,14,1,25.15857143,34.23142857,36.13142857,26.36625,34.845,36.6925,25.10875,33.38,34.8725,16.66666667,78.42857143,22.57142857,1020.731429,32.42222222,20.8
3/9/2020 21:30,79,62,16,1,11.2725,14.88875,15.6675,11.36714286,14.96285714,15.65714286,11.4,14.68857143,15.32428571,21.51898734,77.125,23.75,1020.68375,33.35443038,21.01265823
3/9/2020 21:45,65,49,16,0,22.94285714,30.93714286,32.80428571,24.03125,31.81625,33.5175,23.01875,30.085,31.28375,24.61538462,76.14285714,25,1020.577143,32.15384615,27.73846154
3/9/2020 22:00,64,54,8,2,23.39375,31.345,32.8125,25.38,33.49428571,35.35857143,23.89,30.72142857,32.24142857,15.625,75.875,25.125,1020.26875,34,27.375
3/9/2020 22:15,60,50,9,1,19.79714286,26.23714286,27.68142857,20.82,27.2575,28.56875,20.125,26.21875,27.13125,16.66666667,76.14285714,25.28571429,1020.318571,34.46666667,31.21666667
3/9/2020 22:30,46,37,8,1,10.6925,14.01875,14.83375,11.75714286,15.03,15.55714286,11.00142857,14.1,14.71714286,19.56521739,75.75,26,1019.98375,35.5,35.54347826
3/9/2020 22:45,54,45,9,0,5.865714286,7.658571429,8.188571429,6.555,8.655,9.08625,6.53,8.425,8.78125,16.66666667,75.85714286,26.28571429,1020.177143,34.31481481,36
3/9/2020 23:00,36,31,5,0,5.34125,6.9325,7.57125,6.034285714,8,8.714285714,5.828571429,7.285714286,7.645714286,13.88888889,75.125,27.375,1020.1925,31.11111111,49.27777778
3/9/2020 23:15,27,26,1,0,5.207142857,6.89,7.612857143,5.795,7.4925,7.9525,5.76625,7.3775,7.8925,3.703703704,74.85714286,28,1020.1,32.96296296,66.88888889
3/9/2020 23:30,36,28,7,1,5.50375,7.21375,7.90375,6.242857143,8.197142857,8.697142857,5.828571429,7.6,8.004285714,22.22222222,75,28.625,1020.365,33.19444444,48.44444444
3/9/2020 23:45,18,14,4,0,6.051428571,7.965714286,8.461428571,6.82625,9.0025,9.41625,6.5675,8.3725,8.9525,22.22222222,74.14285714,29.57142857,1020.45,31.83333333,98.27777778
3/10/2020 0:00,22,17,5,0,4.7725,6.465,7.025,5.602857143,7.191428571,7.548571429,5.737142857,7.171428571,7.452857143,22.72727273,74,30.625,1020.6225,32.63636364,76.45454545
3/10/2020 0:15,17,13,3,1,4.214285714,5.805714286,6.36,5.46375,6.97125,7.48,5.13625,6.5,6.8525,23.52941176,73,31.71428571,1020.671429,34.82352941,101.2352941
3/10/2020 0:30,23,19,4,0,4.45,5.8025,6.2925,5.227142857,6.894285714,7.324285714,5.01375,6.2975,6.60625,17.39130435,72.125,33.125,1020.6525,31.26086957,71.7826087
3/10/2020 0:45,8,7,1,0,4.03,5.612857143,6.195714286,4.67875,6.0875,6.37625,4.925714286,6.292857143,6.64,12.5,72,34.42857143,1020.875714,36.375,137.5
3/10/2020 1:00,13,12,1,0,4.50625,6.1325,6.78,5.308571429,6.817142857,7.405714286,5.025,6.52875,6.94875,7.692307692,71,35.375,1020.99375,34.53846154,131.8461538
3/10/2020 1:15,18,11,7,0,4.9575,6.69625,7.27375,5.415,7.0575,7.55125,5.44,7.031428571,7.485714286,38.88888889,70.625,36.75,1021.04875,30.77777778,114.2222222
3/10/2020 1:30,11,8,3,0,4.557142857,6.115714286,6.391428571,5.09,6.96,7.404285714,5.01375,6.4775,6.76125,27.27272727,70,37.85714286,1021.167143,35.18181818,101.5454545
3/10/2020 1:45,17,14,2,1,3.5375,4.8025,5.335,4.18,5.6375,6.11375,4.25,5.457142857,5.774285714,17.64705882,69.625,39.5,1021.33,35.52941176,107.8823529
3/10/2020 2:00,14,10,4,0,2.921428571,4.125714286,4.624285714,3.334285714,4.697142857,5.087142857,3.79,4.8825,5.18625,28.57142857,69,40.71428571,1021.481429,33.5,132.7142857
3/10/2020 2:15,12,12,0,0,3.00875,4.2675,4.86875,3.37875,4.67875,5.165,3.432857143,4.447142857,4.75,0,69,41.625,1021.485,36.91666667,113.5833333
3/10/2020 2:30,6,4,2,0,4.255714286,5.901428571,6.477142857,4.6575,6.47625,7.07875,4.75125,6.43625,6.755,33.33333333,69,42.42857143,1021.518571,34.83333333,189.3333333
3/10/2020 2:45,16,13,3,0,3.1325,4.59625,4.96625,3.372857143,4.5,5.018571429,3.655714286,4.661428571,4.992857143,18.75,68.25,43.875,1021.68625,35.375,105.875
3/10/2020 3:00,15,12,3,0,2.288571429,3.405714286,3.99,2.43,3.64625,3.9125,2.92625,3.9775,4.37875,20,67.85714286,45.14285714,1021.52,36.2,105.7333333
3/10/2020 3:15,26,16,10,0,1.84125,2.69,3.05125,2.148571429,2.95,3.517142857,2.405714286,3.232857143,3.571428571,38.46153846,67.875,46.125,1021.73125,33.30769231,63.19230769
3/10/2020 3:30,25,23,1,1,1.591428571,2.385714286,2.757142857,1.57875,2.3625,2.72125,2.0675,2.80625,2.9975,8,67.28571429,47.14285714,1021.707143,35.32,77.76
3/10/2020 3:45,44,36,8,0,1.42125,2.39625,2.8825,1.782857143,2.74,3.088571429,2.221428571,3.058571429,3.407142857,18.18181818,67.375,47.875,1021.6525,35.54545455,42.43181818
3/10/2020 4:00,34,29,5,0,1.774285714,2.704285714,3.301428571,1.885,2.85,3.30625,2.11875,3.04625,3.3275,14.70588235,67,48.14285714,1021.592857,34.88235294,52.29411765
3/10/2020 4:15,47,34,13,0,1.565,2.65375,3.125,2.108571429,3.278571429,3.747142857,2.362857143,3.368571429,3.777142857,27.65957447,67,49,1021.46875,36.65957447,39.21276596
3/10/2020 4:30,62,48,14,0,1.221428571,2.027142857,2.265714286,1.5275,2.4075,2.695,1.74875,2.47,2.9225,22.58064516,66.57142857,49.85714286,1021.404286,35.9516129,29.51612903
3/10/2020 4:45,76,58,18,0,1.42875,2.34875,2.78,1.871428571,2.787142857,3.007142857,2.14,2.91,3.114285714,23.68421053,66,50.5,1021.3975,36.64473684,22.71052632
3/10/2020 5:00,98,78,20,0,1.648571429,2.327142857,2.518571429,1.8275,2.83375,3.24875,2.30625,3.0975,3.4675,20.40816327,66,51.42857143,1021.32,36.62244898,19.35714286
3/10/2020 5:15,114,87,27,0,1.655,2.5475,2.97875,2.151428571,3.248571429,3.591428571,2.465714286,3.248571429,3.534285714,23.68421053,65.75,52,1020.8825,37.31578947,15.39473684
3/10/2020 5:30,154,113,41,0,1.618571429,2.467142857,2.961428571,1.87625,2.8825,3.1475,2.1875,2.8925,3.2325,26.62337662,66,52.14285714,1021.087143,35.68831169,12.03896104
3/10/2020 5:45,196,137,55,4,2.10875,3.23375,3.63375,2.462857143,3.611428571,3.865714286,2.632857143,3.721428571,4.222857143,30.10204082,65.875,53,1020.90875,36.64285714,9.040816327
3/10/2020 6:00,239,163,74,2,1.761428571,2.644285714,3.2,2.13625,3.2475,3.59625,2.1725,2.9175,3.3875,31.79916318,66,53,1020.641429,35.75313808,7.460251046
3/10/2020 6:15,307,209,89,9,1.61125,2.67875,3.31625,2.03,3.097142857,3.367142857,2.2025,3.10625,3.49625,31.9218241,66,53,1020.49125,34.23452769,5.856677524
3/10/2020 6:30,362,238,113,11,1.644285714,2.592857143,3.254285714,1.93625,2.83875,3.11625,2.115714286,2.987142857,3.551428571,34.25414365,65.85714286,53,1020.25,33.71546961,4.729281768
3/10/2020 6:45,422,258,148,16,2.30625,3.29,3.805,2.657142857,3.798571429,4.315714286,2.95125,4.18875,4.67375,38.86255924,65.875,53,1019.95,33.42180095,4.300947867
3/10/2020 7:00,340,180,142,18,1.76,2.6275,3.17625,2.06625,3.10625,3.44625,2.444285714,3.441428571,4.004285714,47.05882353,65.875,53.875,1019.78125,30.72941176,4.855882353
3/10/2020 7:15,405,228,150,27,1.868571429,2.931428571,3.442857143,2.3,3.477142857,3.952857143,2.3725,3.355,3.75375,43.7037037,65.85714286,54,1019.728571,30.38518519,4.44691358
3/10/2020 7:30,412,250,141,21,1.76625,2.6925,3.11375,2.13125,3.3825,3.90875,2.334285714,3.267142857,3.505714286,39.32038835,65,54.625,1019.55625,31.13106796,4.337378641
3/10/2020 7:45,355,203,136,16,1.62,2.6,3.071428571,2.055,3.03,3.35625,2.28875,3.235,3.56,42.81690141,64.85714286,55,1019.312857,32.25352113,4.833802817
3/10/2020 8:00,345,209,126,10,1.97625,3.0275,3.6225,2.131428571,3.261428571,3.745714286,2.654285714,3.551428571,3.871428571,39.42028986,65,55.5,1019.205,32.75942029,5.214492754
3/10/2020 8:15,331,193,127,11,1.624285714,2.491428571,3.231428571,2.18125,3.10625,3.47625,2.47125,3.40875,3.86875,41.6918429,65,55.57142857,1019.091429,33.02719033,5.19939577
3/10/2020 8:30,325,160,153,12,1.92375,2.945,3.35,2.378571429,3.315714286,3.775714286,2.578571429,3.522857143,3.915714286,50.76923077,64.875,56.125,1018.91625,30.95692308,5.532307692
3/10/2020 8:45,337,217,110,10,2.018571429,2.974285714,3.525714286,2.33,3.33625,3.72875,2.30125,3.27875,3.57875,35.60830861,64.85714286,56.42857143,1018.778571,32.70919881,5.350148368
3/10/2020 9:00,176,90,73,13,2.16875,3.26,3.65125,2.467142857,3.617142857,4.054285714,2.628571429,3.618571429,4.067142857,48.86363636,65,57,1018.83,31.98295455,5.863636364
3/12/2020 15:15,353,166,166,21,8.455,11.42,11.87125,8.54,11.72714286,12.41,9.24625,12.52625,13.1,52.97450425,74.375,48.875,1007.59875,31.92917847,5.841359773
3/12/2020 15:30,443,236,179,28,7.928571429,10.81571429,11.18285714,8.55,11.6375,12.1875,8.835714286,11.65428571,12.10714286,46.7268623,76,45.42857143,1007.468571,31.20767494,4.264108352
3/12/2020 15:45,403,207,174,22,6.6475,8.93875,9.18375,7.04875,9.7025,10.3475,7.73125,9.98875,10.42875,48.63523573,79.5,38.875,1007.42875,31.38461538,4.444168734
3/12/2020 16:00,398,185,180,33,6.331428571,8.274285714,8.492857143,6.572857143,8.902857143,9.32,7.31,9.271428571,9.637142857,53.51758794,81.71428571,35.71428571,1007.381429,30.37688442,4.391959799
3/12/2020 16:15,374,185,166,23,5.88375,7.55125,7.77375,5.8225,7.93875,8.25,6.77625,8.635,8.94,50.53475936,83.75,33.375,1007.42875,29.79411765,4.657754011
3/12/2020 16:30,445,231,193,21,4.828571429,6.302857143,6.52,4.852857143,6.508571429,6.778571429,5.427142857,7.108571429,7.415714286,48.08988764,83.85714286,32.71428571,1007.35,32.67640449,4.015730337
3/12/2020 16:45,351,198,133,20,5.9,7.61375,8.09375,6.1875,8.335,8.8725,6.6725,8.70125,9.01,43.58974359,86.125,31.5,1007.22,32.6039886,5.15954416
3/12/2020 17:00,347,203,128,16,6.811428571,8.927142857,9.277142857,7.4,9.888571429,10.34428571,7.53,9.725714286,10.10714286,41.49855908,87.42857143,30.71428571,1006.951429,33.03746398,5.095100865
3/12/2020 17:15,357,228,112,17,7.265,9.4625,9.7725,7.65125,10.3025,10.68625,7.76375,10.15625,10.46125,36.13445378,86.375,31.875,1006.79125,33.19607843,5.058823529
3/12/2020 17:30,291,182,104,5,7.40125,9.8925,10.24375,7.755714286,10.69142857,11.09571429,8.1975,10.70875,11.105,37.45704467,87.375,31.125,1006.44875,34.13745704,6.178694158
3/12/2020 17:45,255,157,89,9,6.805714286,8.897142857,9.2,6.8925,9.37375,9.74375,7.112857143,9.505714286,9.824285714,38.43137255,87.85714286,29.71428571,1006.238571,32.63921569,6.862745098
3/12/2020 18:00,266,176,83,7,6.755,8.80875,9.17,6.675714286,9.201428571,9.748571429,6.9325,8.975,9.25375,33.83458647,87.875,29.375,1006.0325,34.82706767,6.721804511
3/12/2020 18:15,208,147,60,1,6.14,7.615714286,7.997142857,6.13875,8.07625,8.27875,6.692857143,8.501428571,8.89,29.32692308,87.85714286,29,1005.537143,33.07692308,8.216346154
3/12/2020 18:30,216,157,57,2,6.05,7.82875,8.08875,6.377142857,8.534285714,8.855714286,6.6475,8.54,8.9,27.31481481,87.375,29,1005.44875,33.28240741,8.319444444
3/12/2020 18:45,230,158,70,2,6.174285714,7.781428571,8.197142857,6.4875,8.8825,9.27375,6.481428571,8.34,8.681428571,31.30434783,87.42857143,29.28571429,1005.182857,32.55652174,7.782608696
3/12/2020 19:00,184,140,40,4,5.365,6.985,7.17875,5.838571429,7.767142857,8.065714286,6.16375,7.87,8.16875,23.91304348,88.125,28.25,1004.80875,33.61956522,9.701086957
3/12/2020 19:15,223,150,70,3,5.481428571,7.097142857,7.497142857,5.5375,7.42125,7.81,5.904285714,7.592857143,7.928571429,32.73542601,88.42857143,27.57142857,1004.821429,32.73542601,8.161434978
3/12/2020 19:30,175,126,43,6,5.22125,6.7925,7.04375,5.57,7.472857143,7.832857143,6.26125,8.13,8.45875,28,88.75,27.125,1004.66,33.53714286,10.07428571
3/12/2020 19:45,175,121,51,3,5.168571429,6.631428571,6.945714286,5.47375,7.1325,7.47,6.077142857,7.758571429,8.071428571,30.85714286,88.85714286,27.28571429,1004.598571,33.11428571,10.39428571
3/12/2020 20:00,134,93,40,1,5.7425,7.475,7.69875,5.891428571,7.998571429,8.375714286,6.2525,8.08875,8.44375,30.59701493,88.375,28.25,1004.40125,33.32089552,13.35820896
3/12/2020 20:15,149,111,34,4,5.982857143,7.834285714,8.098571429,6.01,8.44375,8.93625,6.644285714,8.672857143,9.167142857,25.5033557,88.28571429,29,1004.265714,34.03355705,11.97315436
3/12/2020 20:30,112,91,18,3,6.32125,8.10875,8.43875,6.322857143,8.581428571,9.014285714,6.9475,9.0925,9.5675,18.75,87.25,29.625,1004.27625,34.53571429,16.32142857
3/12/2020 20:45,121,98,21,2,6.237142857,8.33,8.602857143,6.92125,9.17125,9.825,7.071428571,8.917142857,9.445714286,19.00826446,86.42857143,30.57142857,1004.31,33.09917355,14.54545455
3/12/2020 21:00,88,60,28,0,6.17,8.19125,8.4375,6.812857143,9.125714286,9.668571429,7.44,9.645,10.17625,31.81818182,86.25,32,1004.165,34.44318182,20.38636364
3/12/2020 21:15,87,64,23,0,6.418571429,8.322857143,8.945714286,6.71625,9.1525,9.50125,7.062857143,9.461428571,10.19714286,26.43678161,86.28571429,31.42857143,1004.137143,34.28735632,20.03448276
3/12/2020 21:30,82,67,12,3,6.6075,8.66375,9.09125,6.98125,9.31375,9.74875,6.795,8.835,9.23,18.29268293,85.5,31.75,1004.0625,34.3902439,22.25609756
3/12/2020 21:45,70,55,15,0,6.864285714,9.098571429,9.555714286,7.237142857,9.82,10.32285714,7.522857143,9.635714286,10.03857143,21.42857143,84.85714286,33,1003.912857,34.77142857,25.35714286
3/12/2020 22:00,65,51,13,1,7.385,9.46875,9.99625,7.58125,10.1075,10.70125,8.01,10.1225,10.44375,21.53846154,84,34,1003.8925,34.36923077,27.04615385
3/12/2020 22:15,70,60,10,0,7.437142857,9.772857143,10.37285714,8.061428571,10.83571429,11.34285714,8.242857143,10.65,11.08,14.28571429,84,34.14285714,1003.944286,34.5,25.45714286
3/12/2020 22:30,58,46,11,1,9.49375,12.53625,13.115,10.235,13.61375,14.21125,10.4,13.41,13.9975,20.68965517,83.125,35.375,1004.03375,33.79310345,30.37931034
3/12/2020 22:45,62,43,19,0,17.22857143,22.62714286,23.42142857,18.67285714,24.78857143,25.99285714,17.80428571,23.03571429,23.98857143,30.64516129,83,36,1004.2,29.98387097,29.53225806
3/12/2020 23:00,56,46,10,0,30.29625,40.3675,41.5425,33.08,43.60375,45.65,30.90375,40.4775,42.2575,17.85714286,82.375,36.75,1004.255,36.16071429,32.75
3/12/2020 23:15,40,34,6,0,36.77375,49.35,50.79125,38.44428571,51.65285714,53.74142857,37.42625,49.47375,51.58125,15,81.875,37.75,1004.12,31.75,44.525
3/12/2020 23:30,33,27,6,0,39.23714286,53.11142857,54.85142857,41.27125,54.77,57.57875,38.36,51.25714286,53.40142857,18.18181818,82,38.57142857,1004.147143,34.36363636,49.6969697
3/12/2020 23:45,24,19,5,0,42.71875,57.66875,59.5775,44.67428571,59.92571429,62.41142857,42.995,56.97125,59.32625,20.83333333,81.375,39.375,1004.24,31.41666667,76.58333333
3/13/2020 0:00,24,20,4,0,46.94,63.58714286,65.61142857,49.3125,65.99375,69.2775,47.05714286,61.99571429,64.82714286,16.66666667,80.85714286,40.14285714,1004.242857,37.79166667,60.375
3/13/2020 0:15,33,25,8,0,49.22375,66.5925,68.81,51.48,68.52142857,72.65857143,49.02875,65.22625,68.06375,24.24242424,80.5,41.125,1004.35625,31.90909091,57.6969697
3/13/2020 0:30,19,17,2,0,48.90571429,65.79428571,68.06428571,52.01875,69.375,72.54,49.71714286,65.97714286,68.46857143,10.52631579,80,42,1004.63,30.26315789,100.7894737
3/13/2020 0:45,25,21,4,0,45.18125,60.78375,62.93125,47.27857143,63.25857143,66.33142857,45.22875,59.8975,62.535,16,80,42.75,1004.70125,34.8,69.8
3/13/2020 1:00,24,18,5,1,38.42857143,52.40428571,54.66571429,40.885,54.89125,57.1775,39.43285714,51.98571429,54.28285714,25,79.57142857,43.85714286,1004.93,32,71.125
3/13/2020 1:15,14,14,0,0,30.5675,41.02625,42.835,31.97714286,43.12857143,45.12142857,31.0075,40.78125,42.8775,0,79,44.625,1004.985,37.5,105.8571429
3/13/2020 1:30,23,18,5,0,26.56142857,35.95142857,37.64,27.91,37.74625,39.73,27.20857143,36.01571429,37.48285714,21.73913043,78.85714286,45.42857143,1004.99,34.52173913,70.69565217
3/13/2020 1:45,19,17,2,0,27.72875,37.66,39.24,28.95,39.34285714,41.34571429,28.04,36.91125,38.16375,10.52631579,78.125,46.375,1005.1175,33.73684211,93.52631579
3/13/2020 2:00,23,20,3,0,26.24,35.17285714,36.55,27.75125,36.91375,39.03125,26.58714286,35.21,36.56,13.04347826,78,47,1005.185714,35.65217391,79.08695652
3/13/2020 2:15,16,12,4,0,22.69,30.67,32.10625,23.88714286,31.88285714,33.08714286,23.115,31.06375,32.4075,25,78,47.875,1005.37875,32.9375,118.9375
3/13/2020 2:30,23,14,8,1,20.04428571,26.92714286,28.03,21.73125,29.1075,30.5,20.6,27.49,28.83714286,39.13043478,77.71428571,48,1005.574286,28.30434783,76.52173913
3/13/2020 2:45,22,21,1,0,17.8975,23.76,24.70875,19.07375,25.79125,27.07125,18.58125,24.42375,25.46125,4.545454545,77,48.875,1005.77875,35.95454545,73.59090909
3/13/2020 3:00,11,8,3,0,17.27428571,23.08285714,24.22,17.58714286,23.37714286,24.48571429,17.26571429,23.04714286,23.93714286,27.27272727,76.42857143,49.85714286,1005.932857,30.27272727,124.0909091
3/13/2020 3:15,33,30,3,0,16.55,22.13,22.98375,17.65125,23.715,24.97875,16.76375,22.68625,23.7725,9.090909091,76,51.375,1005.875,33.21212121,60.09090909
3/13/2020 3:30,32,27,5,0,17.57285714,23.83,25.42428571,18.93428571,25.28428571,26.61285714,17.61714286,23.67857143,24.86571429,15.625,76,52,1005.764286,34.1875,50.9375
3/13/2020 3:45,49,39,10,0,17.6825,23.71,24.76625,18.96125,25.30375,26.38125,18.48375,24.43125,25.34,20.40816327,75.25,52.875,1005.78375,35.93877551,37.18367347
3/13/2020 4:00,45,37,8,0,17.26285714,23.39857143,24.37285714,17.96142857,23.95571429,25.19428571,17.78285714,23.23285714,24.34142857,17.77777778,75,53.57142857,1005.878571,35.77777778,37.15555556
3/13/2020 4:15,34,25,9,0,16.395,21.61375,22.61875,17.0375,22.93125,24.205,16.85875,22.17375,23.36,26.47058824,74.875,54.75,1005.71875,34.41176471,56.41176471
3/13/2020 4:30,53,43,10,0,15.5,20.60857143,21.64,16.67857143,22.15857143,23.15142857,16.115,21.36,22.28375,18.86792453,74.57142857,55.85714286,1005.504286,36.33962264,33.52830189
3/13/2020 4:45,80,61,17,2,15.94875,21.24625,22.54625,17.30875,23.06,24.235,16.73857143,22.05142857,22.89,23.75,75,56,1005.39875,35.5875,21.3125
3/13/2020 5:00,70,58,12,0,15.81,20.9975,22.08625,16.33,21.88,23.40142857,16.38625,21.365,22.4375,17.14285714,74,56.25,1005.39125,36.72857143,27.17142857
3/13/2020 5:15,108,81,26,1,15.27857143,20.18714286,21.48142857,16.17625,21.16625,22.32125,15.44,20.20571429,21.30714286,25,74,57,1005.374286,35.9537037,17.02777778
3/13/2020 5:30,149,114,34,1,14.04625,18.675,19.75875,14.86857143,19.38,20.28142857,14.5025,18.82,19.80875,23.48993289,73.875,57.375,1005.4325,36.46308725,11.85234899
3/13/2020 5:45,207,151,55,1,13.78142857,18.29714286,19.42428571,14.5625,19.2775,20.17375,13.93714286,18.06,19.10714286,27.0531401,73,58,1005.518571,36.38164251,8.859903382
3/13/2020 6:00,236,170,60,6,13.5475,18.28125,19.3425,14.39428571,19.16714286,20.25,13.69625,18.29875,19.09625,27.96610169,73.25,57.75,1005.445,36.10169492,7.593220339
3/13/2020 6:15,293,201,82,10,13.17857143,17.64142857,18.57857143,14.0075,18.76,19.675,13.98571429,18.47571429,19.30714286,31.39931741,73.85714286,57,1005.551429,35.51194539,6.037542662
3/13/2020 6:30,333,196,123,14,13.17375,17.7475,18.82625,13.72714286,18.46857143,19.45285714,13.69875,17.84375,18.59375,41.14114114,74,56,1005.73375,34.1981982,5.423423423
3/13/2020 6:45,375,216,146,13,13.54142857,18.17571429,19.16285714,14.14,18.9325,20.00375,14.00857143,18.46571429,19.72142857,42.4,74.14285714,55.42857143,1005.575714,32.06133333,4.754666667
3/13/2020 7:00,374,202,149,23,12.98,17.40625,18.45375,14.04857143,18.71142857,19.52142857,14.26,18.76125,19.69,45.98930481,74.25,55,1005.80125,31.07754011,4.703208556
3/13/2020 7:15,396,221,155,20,13.54714286,17.52428571,18.84714286,14.395,19.1875,20.46,14.19428571,18.55285714,19.42142857,44.19191919,74.57142857,55,1005.925714,31.26767677,4.527777778
3/13/2020 7:30,349,222,111,16,14.0425,18.3625,19.26875,14.81,19.88714286,21.30285714,14.305,18.765,19.74625,36.38968481,73.625,55,1005.4175,32.46131805,5.166189112
3/13/2020 7:45,323,193,114,16,14.26285714,19.23571429,20.34142857,14.87125,20.1275,21.39375,14.45142857,19.13857143,20.06428571,40.24767802,72.85714286,56.14285714,1005.251429,32.21981424,5.458204334
3/13/2020 8:00,310,191,110,9,14.98,20.05125,21.045,15.34428571,20.89428571,22.00142857,15.28125,20.2775,21.3,38.38709677,73,57,1005.65125,32.78064516,5.822580645
3/13/2020 8:15,320,201,107,12,16.23428571,21.75285714,22.93714286,16.82625,22.8875,24.1175,16.74857143,22.21142857,23.75142857,37.1875,73,57.28571429,1005.614286,33.51875,5.584375
3/13/2020 8:30,315,189,121,5,16.91,23.13125,24.59875,17.75625,23.88375,25.065,17.715,23.495,24.545,40,73,57,1005.5975,33.01269841,5.774603175
3/13/2020 8:45,321,184,123,14,17.52142857,24.10571429,25.41571429,18.18714286,24.73,26.02142857,17.71857143,23.81714286,25.11857143,42.67912773,73,57,1005.678571,32.25856698,5.482866044
3/13/2020 9:00,306,186,107,13,17.2575,23.38,24.67,18.14,24.66,26.21875,17.905,23.54125,24.79875,39.21568627,73,57,1005.965,32.6503268,5.833333333
3/13/2020 9:15,333,193,126,14,17.13,23.37142857,24.7,18.66285714,24.96142857,26.21285714,18.61857143,24.51571429,25.66857143,42.04204204,73,56.85714286,1006.04,32.07207207,5.426426426
3/13/2020 9:30,309,190,110,9,17.88875,24.11875,25.61125,18.7675,25.18,26.5625,18.48625,24.28375,25.5975,38.51132686,72.875,56.75,1006.06125,31.63754045,5.818770227
3/13/2020 9:45,331,182,137,12,17.85,24.15571429,25.22,18.69,25.35714286,27.14142857,18.495,24.2525,25.44,45.01510574,72.42857143,56.57142857,1006.01,31.87613293,5.389728097
3/13/2020 10:00,345,187,140,18,17.55375,23.8275,25.2625,18.62875,25.39875,26.76625,18.35,24.24285714,25.15,45.79710145,72.5,56.125,1005.8625,30.92463768,5.231884058
3/13/2020 10:15,342,209,118,15,17.86857143,24.19428571,25.45571429,19.11142857,25.66,26.99714286,18.60125,24.6025,25.86,38.88888889,72.57142857,56,1006.142857,31.58479532,5.152046784
3/13/2020 10:30,345,193,132,20,17.5375,23.6625,24.95,19.17125,25.74,26.91375,18.44428571,24.40714286,25.63571429,44.05797101,72.125,55.5,1006.22625,31.9884058,5.185507246
3/13/2020 10:45,347,183,144,20,17.755,23.82875,24.985,19.15,25.94428571,27.53857143,18.49375,24.265,25.335,47.26224784,72,55.125,1006.58375,30.49855908,5.221902017
3/13/2020 11:00,333,163,149,21,16.53571429,22.73142857,24.14857143,17.89125,23.88375,25.00625,17.35571429,22.85142857,23.62714286,51.05105105,72,55,1006.932857,30.84984985,5.177177177
3/13/2020 11:15,388,193,164,31,16.4175,22.23625,23.46875,17.83,23.71571429,25.14142857,16.84875,22.13,23.2475,50.25773196,72,54,1007.10875,30.90721649,4.641752577
3/13/2020 11:30,368,187,157,24,16.41571429,21.82714286,23.18,17.31,23.04625,24.44875,16.88571429,21.94142857,22.97142857,49.18478261,72,54,1006.844286,31.12228261,4.652173913
3/13/2020 11:45,382,203,147,32,16.32,21.84,23.235,17.18714286,23.13,24.31142857,17.26125,22.63125,23.6475,46.85863874,72.125,53.5,1007.125,30.27486911,4.761780105
3/13/2020 12:00,368,177,163,28,16.01142857,21.45,22.41285714,17.21375,23.07375,24.0975,16.87285714,22.1,23.25285714,51.90217391,72,53.85714286,1007.325714,29.58152174,4.875
3/13/2020 12:15,343,192,128,23,15.50875,21.14875,22.33125,16.72714286,22.48,23.83857143,16.0275,21.52875,22.57125,44.02332362,71.875,53.25,1007.21625,30.16618076,5.119533528
3/13/2020 12:30,221,112,93,16,14.97428571,20.20571429,21.65,15.655,20.835,22.11625,15.58428571,20.39857143,21.29714286,49.32126697,72,53,1007.435714,27.60633484,8.14479638
3/13/2020 12:45,353,164,153,36,13.815,18.4925,19.5375,14.81857143,20.15714286,21.22428571,14.3925,19.36375,20.10375,53.54107649,72.375,53,1007.51875,27.90368272,5.099150142
3/13/2020 13:00,366,219,128,19,13.57142857,18.12571429,19.04142857,14.675,19.69375,20.885,14.34714286,18.78,19.74,40.16393443,73,52.42857143,1007.45,31.07650273,4.890710383
3/13/2020 13:15,353,198,134,21,12.72375,16.88625,17.91125,13.50428571,18.14571429,19.10142857,13.3825,17.48125,18.335,43.90934844,73,52.125,1007.465,31.25495751,4.988668555
3/13/2020 13:30,336,171,146,19,12.42142857,16.81857143,17.84285714,13.425,18.195,19.18875,13.18428571,17.42714286,18.37285714,49.10714286,73,52,1007.537143,30.82142857,5.270833333
3/13/2020 13:45,355,209,138,8,12.2125,16.17125,16.97375,12.46571429,16.9,17.73571429,12.24375,16.2375,17.055,41.12676056,73.5,52,1007.53875,32.44788732,5.033802817
3/13/2020 14:00,357,189,143,25,11.45714286,15.49428571,16.71857143,12.23,16.27375,17.0525,11.67571429,15.14285714,16.26428571,47.05882353,74.71428571,50.57142857,1007.652857,29.90196078,5.06162465
3/13/2020 14:15,339,180,139,20,10.10375,13.37625,14.215,10.98,14.6175,15.43375,11.12,14.28875,14.84625,46.90265487,75,50.125,1007.65125,30.6460177,4.98820059
3/13/2020 14:30,398,227,157,14,9.632857143,13.01142857,13.95285714,10.22142857,13.69428571,14.45428571,10.44857143,13.43,14.14428571,42.96482412,76.42857143,49,1008.018571,32.66080402,4.635678392
3/13/2020 14:45,336,181,133,22,9.3475,12.15,13.4625,9.5475,12.88375,13.38125,9.7275,12.64125,13.135,46.13095238,77.125,48,1008.03375,30.66369048,5.208333333
3/13/2020 15:00,393,221,150,22,8.807142857,11.75571429,12.77285714,9.425714286,12.35142857,13.12857143,9.574285714,12.52428571,13.49571429,43.76590331,78.42857143,46.71428571,1008.157143,32.04834606,4.613231552
3/16/2020 13:45,353,207,131,15,9.1825,12.20375,13.00625,10.325,13.37875,14.15125,9.947142857,12.88142857,13.30571429,41.35977337,58.5,49.75,1020.1075,31.61189802,5.184135977
3/16/2020 14:00,305,183,114,8,9.198571429,11.88428571,12.48142857,10.43857143,13.65142857,14.37571429,10.29,12.9825,13.585,40,59.14285714,48.57142857,1019.894286,32.43278689,5.672131148
3/16/2020 14:15,310,187,111,12,8.91375,11.9625,12.6225,9.87625,12.845,13.7375,9.771428571,12.64285714,13.29,39.67741935,58.625,48.625,1019.95,32.3516129,5.770967742
3/16/2020 14:30,324,197,112,15,9.698571429,12.53714286,13.21285714,10.20285714,13.37142857,14.10714286,10.225,13.34875,13.90625,39.19753086,59.42857143,48.42857143,1019.93,32.9537037,5.537037037
3/16/2020 14:45,335,186,136,13,9.58875,12.59875,13.525,10.53375,13.74625,14.4475,10.39714286,13.41428571,14.15,44.47761194,59.75,47.75,1019.76625,31.87761194,5.343283582
3/16/2020 15:00,344,199,131,14,10.27571429,13.22571429,13.93285714,11.05285714,14.59571429,15.49285714,10.85375,13.9075,14.61875,42.15116279,59.71428571,47.85714286,1020.112857,32.86046512,5.209302326
3/16/2020 15:15,401,213,171,17,10.2475,13.3975,13.9975,10.88375,14.20125,14.99125,10.86142857,13.85142857,14.67,46.88279302,60,48.25,1020.1275,32.40897756,4.496259352
3/16/2020 15:30,373,207,148,18,10.07571429,13.28571429,13.91714286,11.37,15.00125,15.55125,11.115,14.02125,14.6025,44.50402145,60.57142857,47.85714286,1020.418571,32.49865952,4.721179625
3/16/2020 15:45,369,210,138,21,9.82125,12.9,13.53,11.04571429,14.56285714,15.37142857,10.805,13.55875,14.255,43.08943089,60.625,47.5,1020.21625,33.3604336,4.737127371
3/16/2020 16:00,371,185,164,22,9.82375,12.6125,13.15625,10.79125,13.77375,14.39875,10.55142857,13.66,14.28142857,50.13477089,61.75,46.375,1020.00625,33.46091644,4.916442049
3/16/2020 16:15,395,189,175,31,10.06142857,12.89857143,13.6,11.22857143,14.52142857,15.39571429,10.88375,13.785,14.415,52.15189873,61.28571429,46.42857143,1019.99,30.95443038,4.250632911
3/16/2020 16:30,301,188,103,10,10.35625,13.515,13.98625,11.00625,14.29375,14.91875,11.55714286,14.77428571,15.45571429,37.54152824,61.625,46.75,1019.965,33.36212625,5.561461794
3/16/2020 16:45,303,186,106,11,10.25428571,13.20285714,13.68,11.01571429,14.15857143,14.81857143,11.13125,14.0925,14.75,38.61386139,62,45.85714286,1019.861429,34.10891089,5.762376238
3/16/2020 17:00,315,194,114,7,10.44875,13.32125,13.8125,11.035,14.54625,15.215,11.04142857,14.04142857,14.69571429,38.41269841,62.25,45.625,1019.76625,34.7968254,5.80952381
3/16/2020 17:15,294,172,111,11,10.86714286,13.99428571,14.54857143,11.96571429,15.46571429,16.00285714,11.6925,14.88375,15.51125,41.49659864,62.28571429,45.57142857,1019.738571,33.27891156,6.071428571
3/16/2020 17:30,240,137,97,6,10.0475,13.11375,13.42625,11.06125,14.43375,15.1725,10.95571429,13.96714286,14.52857143,42.91666667,63.625,45.25,1019.2925,34.56666667,7.545833333
3/16/2020 17:45,221,144,68,9,10.37,13.41,13.78142857,11.39714286,14.94428571,15.58428571,11.42375,14.44375,15.05125,34.84162896,64.42857143,43.42857143,1019.04,34.22171946,8.14479638
3/16/2020 18:00,196,141,51,4,10.54375,13.615,14.225,11.2425,14.33625,14.96625,11.22857143,14.43142857,14.92857143,28.06122449,64.5,43.125,1018.78375,35.07142857,9.142857143
3/16/2020 18:15,163,128,33,2,11.25285714,14.47428571,14.97714286,11.97714286,15.78285714,16.48,11.95,15.0775,15.72625,21.47239264,63.42857143,44.42857143,1018.524286,35.34969325,10.92638037
3/16/2020 18:30,188,140,47,1,10.8375,13.86,14.4075,12.07875,15.49125,16.39875,11.68857143,14.70571429,15.24285714,25.53191489,64.25,44.125,1018.12375,35.23404255,9.734042553
3/16/2020 18:45,136,103,31,2,10.92714286,14.01,14.55285714,11.98714286,15.62,16.23285714,11.8625,15.095,15.77375,24.26470588,65.42857143,42.57142857,1017.641429,35.04411765,12.96323529
3/16/2020 19:00,139,94,44,1,10.305,13.32875,13.82875,11.79125,15.16375,15.96625,11.47,14.50857143,15.17714286,32.37410072,65.875,42,1017.39625,34.44604317,13.26618705
3/16/2020 19:15,120,81,36,3,9.77,12.71428571,13.07428571,10.88571429,13.84285714,14.38857143,10.96625,13.705,14.15625,32.5,65.85714286,41.85714286,1017.068571,33.78333333,14.76666667
3/16/2020 19:30,113,79,32,2,9.25625,11.8325,12.09875,10.02375,12.99625,13.81875,10.20428571,12.82142857,13.53428571,30.08849558,65.75,42.25,1016.955,34.73451327,15.84070796
3/16/2020 19:45,93,77,16,0,9.441428571,11.97571429,12.55857143,9.845714286,12.9,13.48857143,10.065,12.53125,12.94625,17.20430108,63.42857143,45.28571429,1016.865714,35.09677419,19.60215054
3/16/2020 20:00,103,77,22,4,9.11125,11.87875,12.35375,9.74375,12.60625,13.24625,10.15285714,12.78428571,13.37428571,25.24271845,64.875,45,1016.51,30.29126214,16.83495146
3/16/2020 20:15,92,69,21,2,8.911428571,11.63,12.08142857,9.855714286,12.80142857,13.23857143,10.50625,13.15875,13.71375,25,65,43.71428571,1016.518571,36.16304348,20.27173913
3/16/2020 20:30,76,58,15,3,8.88625,11.57375,11.91375,10.07625,13.1575,13.9475,10.26571429,12.79428571,13.26428571,23.68421053,65.25,44,1016.61,34.81578947,23.76315789
3/16/2020 20:45,68,58,9,1,8.665714286,10.97285714,11.42428571,9.081428571,11.55,12.21142857,9.3975,11.6525,11.95,14.70588235,64.57142857,44.42857143,1016.625714,36.52941176,25.80882353
3/16/2020 21:00,80,64,16,0,8.195,10.55875,11.1125,9.165,11.46125,12.245,9.4925,11.80625,12.3125,20,63.5,46.375,1016.62125,35.8375,23.05
3/16/2020 21:15,73,59,14,0,8.437142857,10.87,11.42142857,9.1,11.87125,12.4075,9.2,11.67857143,12.13285714,19.17808219,64.14285714,46.42857143,1016.52,35.05479452,24.60273973
3/16/2020 21:30,52,44,8,0,8.1075,10.31375,10.72375,8.775714286,11.02142857,11.57,8.91375,11.18,11.68375,15.38461538,64.25,46.375,1016.56375,35.71153846,34.76923077
3/16/2020 21:45,48,39,8,1,7.95,10.09375,10.43375,8.81,11.2675,11.7875,8.53,10.58857143,10.89714286,18.75,63.625,46.75,1016.32,34.375,35.47916667
3/16/2020 22:00,47,39,8,0,8.637142857,11.15571429,11.58571429,9.324285714,11.90428571,12.69857143,9.18125,11.36,11.87,17.0212766,64.57142857,46.71428571,1016.501429,35.31914894,36.57446809
3/16/2020 22:15,48,44,4,0,9.1425,11.71875,12.0725,9.61125,12.33875,12.88375,9.8,12.43571429,12.92142857,8.333333333,63.75,47.25,1016.4475,35.75,36.54166667
3/16/2020 22:30,42,32,9,1,9.115714286,11.87428571,12.34285714,10.08571429,12.98,13.73142857,9.8925,12.37875,12.81625,23.80952381,63.85714286,47.14285714,1016.468571,33.19047619,46.0952381
3/16/2020 22:45,45,33,11,1,8.82625,11.38375,11.90375,9.16625,11.76625,12.38625,9.292857143,11.62571429,12.15857143,26.66666667,64.125,47.125,1016.47625,36.66666667,36.75555556
3/16/2020 23:00,26,23,3,0,9.12,11.64428571,12.07571429,10.02714286,13.29714286,13.95142857,9.72375,12.4625,13,11.53846154,65,46.85714286,1016.575714,34.92307692,69.76923077
3/16/2020 23:15,19,14,5,0,9.05875,11.43875,11.845,9.67375,12.2825,12.86625,9.325714286,11.55428571,11.89428571,26.31578947,64.625,46.875,1016.695,34.05263158,91
3/16/2020 23:30,19,14,5,0,8.9,11.15,11.75857143,9.618571429,12.44285714,13,9.72125,12.16,12.75625,26.31578947,64.42857143,47.14285714,1016.932857,36.26315789,92.10526316
3/16/2020 23:45,21,18,3,0,9.115,11.37,11.8075,9.76375,12.63625,13.22625,9.72,12.24142857,12.9,14.28571429,64,47.875,1016.8525,35.0952381,90.66666667
3/17/2020 0:00,25,18,7,0,9.91,12.72,13.18428571,10.68285714,13.88,14.34857143,10.4825,13.30625,13.97125,28,64,47.28571429,1016.865714,32.96,77.12
3/17/2020 0:15,20,18,2,0,9.25875,11.89375,12.27375,9.875,12.5025,12.85125,9.991428571,12.45571429,13.15857143,10,64,47.875,1016.695,36.6,83.6
3/17/2020 0:30,11,9,2,0,9.177142857,11.52571429,12.03714286,9.83,12.48,13.15,9.9375,12.355,12.8475,18.18181818,64,48,1016.83,32.36363636,121.9090909
3/17/2020 0:45,13,13,0,0,8.54,10.97375,11.50625,9.40125,11.985,12.3825,9.544285714,11.81714286,12.34,0,63.75,48,1016.7925,38.92307692,98.38461538
3/17/2020 1:00,9,9,0,0,8.162857143,10.36571429,10.77428571,9.051428571,11.61142857,12.42,8.86,11.00875,11.47125,0,63.71428571,48.42857143,1017.007143,34.55555556,168.3333333
3/17/2020 1:15,11,6,5,0,8.35375,10.59,10.9825,8.93875,11.5475,11.89125,9.522857143,11.66285714,11.94,45.45454545,63.75,48.125,1017.0325,36.90909091,115.9090909
3/17/2020 1:30,15,13,2,0,8.262857143,10.51857143,10.95571429,8.897142857,11.52714286,11.79571429,8.7,10.76125,11.2575,13.33333333,63.57142857,48,1017.11,37.8,128
3/17/2020 1:45,12,11,1,0,8.30875,10.4775,10.84,8.53625,10.80875,11.2175,8.987142857,11.17571429,11.71,8.333333333,63.75,48,1017.1625,33.41666667,128.75
3/17/2020 2:00,7,6,1,0,8.461428571,10.90285714,11.13428571,9.11,11.69714286,12.22142857,8.9075,11.205,11.8475,14.28571429,63.28571429,48.42857143,1017.271429,39.28571429,130.5714286
3/17/2020 2:15,10,9,1,0,10.81125,14.225,14.86875,11.92,15.73125,16.2375,11.86,15.2025,15.99375,10,63.875,47.625,1017.1125,34.1,187.4
3/17/2020 2:30,12,11,1,0,12.13428571,16.27428571,17.18571429,12.55428571,16.51,17.30714286,12.54142857,16.11571429,16.82714286,8.333333333,63.42857143,48,1016.957143,35.16666667,128.1666667
3/17/2020 2:45,9,7,2,0,10.9975,14.6825,15.25,12.30875,16.03125,16.91,12.46375,15.8275,16.6975,22.22222222,63.625,48,1016.835,38.44444444,150.2222222
3/17/2020 3:00,17,11,6,0,16.60714286,22.95,24.2,18.48571429,24.56857143,25.64571429,19.16571429,25.27571429,26.76142857,35.29411765,62.85714286,48.85714286,1017.008571,35.94117647,91.11764706
3/17/2020 3:15,24,21,3,0,27.6075,39.9975,41.88875,29.80375,40.6425,43.23,28.72375,39.55875,41.99625,12.5,63,49,1017.0275,34.04166667,74.16666667
3/17/2020 3:30,24,19,5,0,34.41428571,50.11857143,53.03714286,37.89875,52.3275,55.9075,36.46428571,50.68142857,53.33428571,20.83333333,62.57142857,49.71428571,1016.904286,38.16666667,72.04166667
3/17/2020 3:45,25,18,7,0,39.77625,58.35875,61.555,43.21428571,59.21142857,63.15714286,42.20625,57.78,61.19625,28,63.75,48.375,1016.5375,35.76,67.16
3/17/2020 4:00,23,19,4,0,38.48875,56.6275,59.73,41.6675,57.62875,61.98,40.54428571,55.45142857,58.27857143,17.39130435,63.75,48,1016.3,38,78.95652174
3/17/2020 4:15,48,39,9,0,36.60285714,53.36,56.71285714,39.47285714,54.79142857,58.43714286,38.5375,52.9825,56.00875,18.75,63.71428571,48.42857143,1016.05,36.89583333,37.97916667
3/17/2020 4:30,65,52,12,1,32.9825,48.215,50.9575,36.085,49.6975,52.525,34.40571429,46.87428571,49.83571429,20,63.625,48,1016.24,35.43076923,27.47692308
3/17/2020 4:45,69,49,20,0,31.94571429,46.31285714,49.05285714,34.70142857,47.57857143,50.66714286,33.89625,46.07125,48.64,28.98550725,63,48.71428571,1015.995714,36.62318841,25.91304348
3/17/2020 5:00,66,49,17,0,30.68125,44.47875,47.30375,33.35875,45.3475,48.52375,32.58285714,44.26857143,46.61428571,25.75757576,63,49,1015.65,37.04545455,28
3/17/2020 5:15,71,54,17,0,28.31714286,40.16714286,42.16428571,29.90428571,40.78428571,43.74,29.395,39.68125,41.94625,23.94366197,63.14285714,49.28571429,1015.617143,36.29577465,24.70422535
3/17/2020 5:30,154,120,32,2,25.13,35.38,37.55375,27.04875,36.51,38.82625,26.09571429,34.96142857,37.10571429,22.07792208,63.375,49.375,1015.57375,36.53246753,11.73376623
3/17/2020 5:45,187,135,51,1,23.91714286,33.10857143,34.59142857,25.64714286,34.91857143,37.18428571,24.635,33.19375,35.33125,27.80748663,63,49.14285714,1015.585714,36.7540107,9.497326203
3/17/2020 6:00,178,115,60,3,24.585,34.8975,36.23125,27.03875,36.34,38.9675,26.24714286,34.67142857,36.70571429,35.39325843,63.125,49,1015.3075,37.73595506,9.988764045
3/17/2020 6:15,266,171,87,8,24.45857143,34.06428571,36.02857143,26.8,36.52142857,38.82714286,26.06625,34.75625,36.4725,35.71428571,63.14285714,49.57142857,1015.311429,35.78571429,6.710526316
3/17/2020 6:30,283,163,113,7,25.46125,35.51,37.185,28.2775,38.1675,40.44,27.40714286,36.39571429,38.18142857,42.40282686,63.375,49,1015.42125,34.87985866,6.265017668
3/17/2020 6:45,324,201,112,11,26.71714286,38.19285714,39.73714286,30.3,40.67,43.06714286,29.48875,39.5175,41.24875,37.96296296,63.85714286,48.85714286,1015.228571,34.7345679,5.632716049
3/17/2020 7:00,300,180,108,12,33.03125,46.78125,48.7625,35.80375,48.95375,51.7275,34.25428571,46.26285714,48.42857143,40,63,49.25,1014.8125,34.57666667,5.903333333
3/17/2020 7:15,338,206,117,15,36.57,51.81285714,54.36857143,39.49,53.74,56.73142857,38.69625,52.265,54.76625,39.05325444,63,49.85714286,1014.66,33.35207101,5.177514793
3/17/2020 7:30,337,209,118,10,38.415,54.22875,56.6525,40.8725,56.225,59.255,39.80714286,53.74857143,56.23714286,37.98219585,63,49.375,1014.41625,33.73293769,5.234421365
3/17/2020 7:45,322,183,126,13,41.94428571,59.57,62.11142857,45.26857143,61.32142857,65.27714286,44.6475,59.47,62.11125,43.16770186,63,49.71428571,1014.274286,32.49068323,5.577639752
3/17/2020 8:00,255,144,101,10,43.99875,62.8125,65.39625,47.29375,64.63375,68.24625,46.58,62.7975,65.66375,43.52941176,63,49.25,1013.95,32.85098039,7
3/17/2020 8:15,265,175,84,6,44.59571429,63.17428571,66.03857143,47.74285714,65.47,69.75714286,46.94857143,63.63285714,67.2,33.96226415,63,48.85714286,1014.2,33.38490566,6.709433962
3/17/2020 8:30,256,164,87,5,43.40625,62.2075,64.72125,47.39,65.06625,68.98875,45.69875,61.69625,64.62,35.9375,63.25,49,1013.90875,33.59375,7.06640625
3/17/2020 8:45,283,194,81,8,43.91142857,62.56,65.41714286,47.495,64.855,68.27,45.16142857,61.52285714,64.33571429,31.44876325,63.42857143,48.42857143,1013.642857,34.42756184,6.141342756
3/17/2020 9:00,285,202,79,4,44.33,63.27125,66.14875,47.80428571,65.22857143,69.30428571,46.2825,62.99875,66.2875,29.12280702,63.25,49,1013.58,33.84210526,6.164912281
3/17/2020 9:15,232,175,55,2,43.99714286,62.90142857,65.83,46.905,64.20375,67.73,45.33,61.65714286,64.75142857,24.56896552,63.42857143,48.57142857,1013.668571,33.34913793,7.818965517
3/17/2020 9:30,259,185,69,5,44.93375,64.31125,67.15875,47.02142857,64.52428571,68.45571429,46.96625,63.2725,66.03125,28.57142857,61.625,51.25,1013.86625,32.98455598,6.94980695
3/17/2020 9:45,269,193,69,7,40.69428571,58.42857143,61.25,43.0175,58.62625,62.14125,41.84,56.55285714,59.23857143,28.2527881,61.14285714,53.71428571,1013.97,34.10408922,6.646840149
3/17/2020 10:00,277,189,86,2,38.97375,55.64,58.50625,41.52571429,56.48857143,59.36857143,40.56625,54.55,57.39625,31.76895307,62.625,53,1013.93375,33.85920578,6.530685921
3/17/2020 10:15,308,182,117,9,39.2825,56.19,58.99375,42.08125,57.24875,60.44,40.2,54.49,56.98571429,40.90909091,62.5,52.5,1014.02125,32.92207792,5.785714286
3/17/2020 10:30,299,189,101,9,40.16285714,57.01571429,60.02714286,43.70285714,60.08142857,63.21571429,42.00375,57.19,60.11375,36.78929766,62.85714286,52.14285714,1013.927143,34.23076923,6.093645485
3/17/2020 10:45,285,174,95,16,43.87375,62.2875,65.255,45.64875,62.74625,66.46375,45.33857143,61.22,64.37,38.94736842,61.5,55.625,1014.20375,33.93684211,6.059649123
3/17/2020 11:00,321,203,111,7,49.15714286,71.45571429,74.91,51.24285714,71.06857143,75.54857143,50.8675,69.43375,72.8625,36.76012461,59.57142857,61,1014.515714,34.87850467,5.660436137
3/17/2020 11:15,357,222,126,9,40.4275,57.605,60.2375,42.57125,58.57875,62.26625,42.05571429,56.87857143,59.78142857,37.81512605,58.5,64.25,1014.56,33.08683473,5.06442577
3/17/2020 11:30,342,201,131,10,35.09857143,49.82142857,52.32,37.47857143,51.15142857,54.46142857,37.2575,49.75625,52.0025,41.22807018,58.14285714,67.57142857,1014.447143,33.60818713,5.251461988
3/17/2020 11:45,308,188,106,14,35.1325,49.8375,52.38625,39.08875,53.78375,56.9,37.78142857,51.15142857,53.20142857,38.96103896,59.875,65.25,1014.30375,33.52272727,5.74025974
3/17/2020 12:00,351,209,134,8,36.31,51.84285714,54.80285714,40.56428571,55.96857143,59.44857143,39.145,53.4775,56,40.45584046,60.57142857,63.14285714,1014.267143,33.57549858,5.042735043
3/17/2020 12:15,321,196,110,15,38.75,55.295,58.2725,41.30875,57.355,60.95875,41.07142857,55.91142857,59.09571429,38.94080997,60,63.75,1014.78875,32.85358255,5.579439252
3/17/2020 12:30,327,189,123,15,36.36428571,51.63142857,54.15,40.21285714,54.85857143,58.25571429,38.515,52.6,55.2475,42.20183486,60.42857143,64,1014.415714,32.51376147,5.330275229
3/17/2020 12:45,309,183,107,19,35.26875,50.225,52.745,38.52625,53.0925,56.11625,37.66714286,51.33571429,53.80285714,40.77669903,60.875,63.375,1014.8075,31.74433657,5.922330097
3/17/2020 13:00,306,189,108,9,34.41428571,49.27714286,52.06857143,35.98285714,49.76857143,52.70714286,35.88,48.97375,51.38,38.23529412,58.42857143,66.14285714,1015.164286,34.0620915,5.885620915
3/17/2020 13:15,282,175,101,6,33.58,48.10375,51.05125,36.01125,50.0775,53.0525,34.92285714,48.02857143,50.55285714,37.94326241,59,68.25,1015.15375,31.53546099,5.968085106
3/17/2020 13:30,309,206,97,6,32.39571429,46.56428571,49.44142857,34.94714286,48.40571429,51.78,33.62,46.6225,48.9225,33.33333333,60,66.57142857,1014.961429,32.5987055,5.935275081
3/17/2020 13:45,296,203,85,8,31.97,46.2025,49.00375,35.32375,48.55125,51.1475,33.7775,46.51875,48.8275,31.41891892,60.125,66,1014.81375,33.43918919,5.922297297
3/17/2020 14:00,301,188,104,9,32.59428571,46.68571429,49.38857143,35.32714286,48.96428571,51.88714286,34.56285714,47.03,49.46571429,37.54152824,60.71428571,65.57142857,1014.96,33.25913621,5.857142857
